Unnamed: 0_level_0 Player,Unnamed: 1_level_0 gp  Games Played,Passing att  Pass Attempts,Passing cmp  Pass Completions,Passing yds  Passing Yards,Passing yds/g  Passing Yards Per Game,Passing td  Touchdowns Passes,Passing int  Interceptions Thrown,Passing rate  Passer Rating,Rushing att  Rushing Attempts,Rushing yds  Rushing Yards,Rushing avg  Average Yards Per Rush,Rushing td  Rushing Touchdowns,Misc fl  Fumbles Lost,Misc fpts  Fantasy Points,Misc fppg  Fantasy Points Per Game,pos,Receiving tgt  Targets,Receiving rec  Receptions,Receiving yds  Receiving Yards,Receiving yds/g  Yards Per Game,Receiving avg  Average Yards Per Reception,Receiving td  Receiving Touchdowns
D. Prescott  QB  DAL  Dak Prescott  QB  DAL,1,36.9,25.7,284.0,284.0,2.3,0.5,107.3,3.4,13.9,4.1,0.1,0.1,25.8,25.8,QB,,,,,,
J. Goff  QB  DET  Jared Goff  QB  DET,1,33.1,23.4,283.0,283.0,2.4,0.5,114.5,1.7,3.4,2.0,0.0,0.2,24.6,24.6,QB,,,,,,
J. Daniels  QB  WAS  Jayden Daniels  QB  WAS,1,29.9,18.3,200.0,200.0,1.8,0.6,92.7,7.7,53.6,7.0,0.3,0.1,24.5,24.5,QB,,,,,,
J. Burrow  QB  CIN  Joe Burrow  QB  CIN,1,37.3,27.9,273.0,273.0,2.0,0.6,106.1,2.4,11.2,4.7,0.2,0.1,23.8,23.8,QB,,,,,,
C. Stroud  QB  HOU  C.J. Stroud  QB  HOU,1,33.7,22.6,263.0,263.0,1.8,0.5,102.1,2.9,13.9,4.8,0.1,0.3,21.6,21.6,QB,,,,,,
J. Allen  QB  BUF  Josh Allen  QB  BUF,1,29.1,18.5,199.0,199.0,1.5,0.9,87.9,7.8,33.0,4.2,0.6,0.2,21.6,21.6,QB,,,,,,
M. Stafford  QB  LAR  Matthew Stafford  QB  LAR,1,35.8,21.7,257.0,257.0,2.1,0.7,93.9,2.0,2.9,1.5,0.0,0.1,21.4,21.4,QB,,,,,,
D. Maye  QB  NE  Drake Maye  QB  NE,1,27.8,19.0,228.0,228.0,1.7,0.8,101.6,5.8,31.2,5.4,0.2,0.3,21.4,21.4,QB,,,,,,
J. Brissett  QB  ARI  Jacoby Brissett  QB  ARI,1,34.9,23.1,237.0,237.0,1.8,0.7,94.4,3.7,13.9,3.8,0.2,0.2,20.9,20.9,QB,,,,,,
J. Love  QB  GB  Jordan Love  QB  GB,1,32.5,20.7,265.0,265.0,1.8,0.7,98.6,2.1,6.9,3.3,0.0,0.1,20.4,20.4,QB,,,,,,
J. Daniels  QB  TB  Jalon Daniels  QB  TB,1,27.9,18.8,203.0,203.0,1.5,0.7,96.0,5.5,34.9,6.4,0.2,0.2,19.9,19.9,QB,,,,,,
T. Lawrence  QB  JAC  Trevor Lawrence  QB  JAC,1,30.3,17.8,202.0,202.0,1.7,0.8,86.5,4.0,15.7,3.9,0.3,0.1,19.7,19.7,QB,,,,,,
M. Willis  QB  MIA  Malik Willis  QB  MIA,1,25.1,17.0,194.0,194.0,1.2,0.8,93.4,8.7,48.3,5.6,0.3,0.3,19.3,19.3,QB,,,,,,
S. Darnold  QB  SEA  Sam Darnold  QB  SEA,1,29.0,20.3,229.0,229.0,1.9,0.7,105.1,2.8,7.1,2.5,0.0,0.3,19.2,19.2,QB,,,,,,
K. Murray  QB  MIN  Kyler Murray  QB  MIN,1,27.0,17.5,195.0,195.0,1.6,1.1,89.0,3.8,20.9,5.5,0.2,0.1,18.2,18.2,QB,,,,,,
B. Purdy  QB  SF  Brock Purdy  QB  SF,1,31.8,21.2,211.0,211.0,1.4,0.8,89.5,5.2,21.7,4.2,0.2,0.2,18.1,18.1,QB,,,,,,
D. Jones  QB  IND  Daniel Jones  QB  IND,1,31.6,20.1,227.0,227.0,1.5,0.8,90.3,2.7,7.7,2.9,0.1,0.2,17.3,17.3,QB,,,,,,
T. Shough  QB  NO  Tyler Shough  QB  NO,1,34.6,21.9,217.0,217.0,1.3,0.8,83.9,4.3,18.1,4.2,0.2,0.3,17.2,17.2,QB,,,,,,
T. Huntley  QB  BAL  Tyler Huntley  QB  BAL,1,24.0,14.1,175.0,175.0,1.4,0.6,90.5,4.3,25.1,5.8,0.1,0.1,17.1,17.1,QB,,,,,,
T. Bagent  QB  CHI  Tyson Bagent  QB  CHI,1,31.0,19.6,207.0,207.0,1.5,0.5,92.0,2.4,6.8,2.8,0.0,0.0,16.8,16.8,QB,,,,,,
A. Rodgers  QB  PIT  Aaron Rodgers  QB  PIT,1,29.6,18.6,207.0,207.0,1.5,0.5,93.4,1.3,3.5,2.7,0.1,0.2,16.7,16.7,QB,,,,,,
B. Nix  QB  DEN  Bo Nix  QB  DEN,1,32.2,19.0,198.0,198.0,1.3,0.8,80.0,3.8,15.3,4.0,0.2,0.1,16.6,16.6,QB,,,,,,
J. Herbert  QB  LAC  Justin Herbert  QB  LAC,1,30.4,17.9,190.0,190.0,1.3,1.1,76.4,4.9,26.7,5.5,0.1,0.2,16.0,16.0,QB,,,,,,
D. Watson  QB  CLE  Deshaun Watson  QB  CLE,1,30.1,18.4,185.0,185.0,1.4,1.2,77.5,6.5,26.9,4.1,0.1,0.3,16.0,16.0,QB,,,,,,
M. Penix Jr.  QB  ATL  Michael Penix Jr.  QB  ATL,1,30.1,18.6,217.0,217.0,1.5,0.8,89.2,1.9,2.8,1.5,0.0,0.2,15.8,15.8,QB,,,,,,
G. Smith  QB  NYJ  Geno Smith  QB  NYJ,1,27.9,17.3,177.0,177.0,1.5,0.8,86.2,3.9,13.5,3.5,0.0,0.2,15.3,15.3,QB,,,,,,
J. Hurts  QB  PHI  Jalen Hurts  QB  PHI,1,27.9,16.9,173.0,173.0,0.9,0.6,80.2,6.4,24.6,3.8,0.3,0.2,14.9,14.9,QB,,,,,,
K. Cousins  QB  LV  Kirk Cousins  QB  LV,1,31.3,21.2,197.0,197.0,1.4,0.8,89.0,1.8,1.6,0.9,0.0,0.1,14.5,14.5,QB,,,,,,
C. Ward  QB  TEN  Cam Ward  QB  TEN,1,30.0,17.1,177.0,177.0,1.1,0.6,78.1,2.6,10.0,3.9,0.2,0.2,14.2,14.2,QB,,,,,,
J. Winston  QB  NYG  Jameis Winston  QB  NYG,1,26.2,15.6,185.0,185.0,1.2,1.0,80.5,1.8,7.7,4.3,0.1,0.1,13.7,13.7,QB,,,,,,
T. Simpson  QB  LAR  Ty Simpson  QB  LAR,1,3.6,2.2,25.8,25.8,0.2,0.1,89.8,0.4,2.1,5.3,0.0,0.0,2.2,2.2,QB,,,,,,
C. Keenum  QB  CHI  Case Keenum  QB  CHI,1,3.5,2.2,23.5,23.5,0.2,0.1,89.6,0.2,1.0,5.0,0.0,0.0,2.0,2.0,QB,,,,,,
Q. Ewers  QB  JAC  Quinn Ewers  QB  JAC,1,1.2,0.7,8.2,8.2,0.1,0.0,106.9,0.3,1.0,3.3,0.0,0.0,1.3,1.3,QB,,,,,,
J. McCarthy  QB  NYG  J.J. McCarthy  QB  NYG,1,2.9,1.7,20.5,20.5,0.1,0.1,77.5,0.4,1.8,4.5,0.0,0.0,1.3,1.3,QB,,,,,,
A. Richardson  QB  IND  Anthony Richardson  QB  IND,1,1.3,0.8,9.6,9.6,0.1,0.0,109.8,0.3,1.1,3.7,0.0,0.0,1.2,1.2,QB,,,,,,
D. Mills  QB  HOU  Davis Mills  QB  HOU,1,1.4,0.9,10.7,10.7,0.1,0.0,111.3,0.3,1.0,3.3,0.0,0.0,1.1,1.1,QB,,,,,,
T. Taylor  QB  GB  Tyrod Taylor  QB  GB,1,1.3,0.8,10.8,10.8,0.1,0.0,113.6,0.2,1.1,5.5,0.0,0.0,1.1,1.1,QB,,,,,,
M. Jones  QB  SF  Mac Jones  QB  SF,1,1.3,0.9,8.5,8.5,0.1,0.0,112.7,0.3,1.0,3.3,0.0,0.0,1.0,1.0,QB,,,,,,
S. Bennett  QB  LAR  Stetson Bennett  QB  LAR,1,1.3,0.8,8.8,8.8,0.1,0.0,107.2,0.2,1.4,7.0,0.0,0.0,1.0,1.0,QB,,,,,,
L. Jackson  QB  BAL  Lamar Jackson  QB  BAL,1,1.0,0.6,7.8,7.8,0.1,0.0,117.9,0.3,1.6,5.3,0.0,0.0,1.0,1.0,QB,,,,,,
C. Wentz  QB  MIN  Carson Wentz  QB  MIN,1,1.1,0.7,8.0,8.0,0.1,0.0,115.7,0.3,1.0,3.3,0.0,0.0,1.0,1.0,QB,,,,,,
T. Tagovailoa  QB  ATL  Tua Tagovailoa  QB  ATL,1,1.2,0.8,8.8,8.8,0.1,0.0,116.0,0.3,1.3,4.3,0.0,0.0,1.0,1.0,QB,,,,,,
J. Stidham  QB  DEN  Jarrett Stidham  QB  DEN,1,1.4,0.8,8.1,8.1,0.1,0.0,97.6,0.2,1.1,5.5,0.0,0.0,1.0,1.0,QB,,,,,,
D. Lock  QB  SEA  Drew Lock  QB  SEA,1,1.2,0.8,9.2,9.2,0.1,0.0,117.4,0.3,1.1,3.7,0.0,0.0,1.0,1.0,QB,,,,,,
A. Kaliakmanis  QB  WAS  Athan Kaliakmanis  QB  WAS,1,1.2,0.8,8.2,8.2,0.1,0.0,113.9,0.3,1.7,5.7,0.0,0.0,1.0,1.0,QB,,,,,,
J. Dobbs  QB  DET  Joshua Dobbs  QB  DET,1,1.4,1.0,12.0,12.0,0.1,0.0,121.1,0.3,0.6,2.0,0.0,0.0,1.0,1.0,QB,,,,,,
S. Howell  QB  DAL  Sam Howell  QB  DAL,1,1.5,1.0,10.4,10.4,0.1,0.0,108.8,0.2,0.7,3.5,0.0,0.0,1.0,1.0,QB,,,,,,
J. Flacco  QB  CIN  Joe Flacco  QB  CIN,1,1.5,1.1,11.1,11.1,0.1,0.0,116.2,0.2,0.9,4.5,0.0,0.0,1.0,1.0,QB,,,,,,
S. Rattler  QB  NO  Spencer Rattler  QB  NO,1,1.4,0.9,8.7,8.7,0.1,0.0,105.4,0.2,0.8,4.0,0.0,0.0,0.9,0.9,QB,,,,,,
M. Rudolph  QB  PIT  Mason Rudolph  QB  PIT,1,1.3,0.8,9.2,9.2,0.1,0.0,108.5,0.2,0.9,4.5,0.0,0.0,0.9,0.9,QB,,,,,,
G. Minshew  QB  ARI  Gardner Minshew  QB  ARI,1,1.4,0.9,9.7,9.7,0.1,0.0,108.3,0.2,0.9,4.5,0.0,0.0,0.9,0.9,QB,,,,,,
C. Klubnik  QB  NYJ  Cade Klubnik  QB  NYJ,1,0.8,0.5,5.4,5.4,0.1,0.0,121.9,0.1,0.5,5.0,0.0,0.0,0.8,0.8,QB,,,,,,
J. Fagnano  QB  BAL  Joe Fagnano  QB  BAL,1,0.7,0.5,5.8,5.8,0.1,0.0,135.7,0.1,0.7,7.0,0.0,0.0,0.8,0.8,QB,,,,,,
E. Stick  QB  IND  Easton Stick  QB  IND,1,0.8,0.6,6.2,6.2,0.1,0.0,136.5,0.1,0.8,8.0,0.0,0.0,0.8,0.8,QB,,,,,,
S. Sanders  QB  CLE  Shedeur Sanders  QB  CLE,1,1.2,0.8,7.6,7.6,0.1,0.1,77.1,0.2,0.9,4.5,0.0,0.0,0.7,0.7,QB,,,,,,
T. DeVito  QB  NE  Tommy DeVito  QB  NE,1,1.1,0.8,9.3,9.3,0.0,0.0,97.9,0.3,1.2,4.0,0.0,0.0,0.4,0.4,QB,,,,,,
K. Allen  QB  BUF  Kyle Allen  QB  BUF,1,1.0,0.5,5.3,5.3,0.0,0.0,65.8,0.1,0.1,1.0,0.0,0.0,0.2,0.2,QB,,,,,,
K. McCord  QB  MIA  Kyle McCord  QB  MIA,1,0.8,0.5,5.8,5.8,0.0,0.0,84.4,0.1,0.6,6.0,0.0,0.0,0.2,0.2,QB,,,,,,
F. Mendoza  QB  LV  Fernando Mendoza  QB  LV,1,1.0,0.7,6.0,6.0,0.0,0.0,85.4,0.1,0.5,5.0,0.0,0.0,0.2,0.2,QB,,,,,,
M. Trubisky  QB  TEN  Mitch Trubisky  QB  TEN,1,1.2,0.6,6.5,6.5,0.0,0.0,66.3,0.2,0.6,3.0,0.0,0.0,0.2,0.2,QB,,,,,,
A. Dalton  QB  PHI  Andy Dalton  QB  PHI,1,1.1,0.7,7.2,7.2,0.0,0.0,82.4,0.3,1.1,3.7,0.0,0.1,0.1,0.1,QB,,,,,,
T. Lance  QB  LAC  Trey Lance  QB  LAC,1,1.2,0.7,7.4,7.4,0.0,0.1,41.7,0.3,1.2,4.0,0.0,0.0,0.1,0.1,QB,,,,,,
J. Gibbs  RB  DET  Jahmyr Gibbs  RB  DET,1,,,,,,,,18.2,88.7,4.9,1.2,0.1,27.1,27.1,RB,5.8,4.6,43.2,43.2,9.4,0.4
B. Robinson  RB  ATL  Bijan Robinson  RB  ATL,1,,,,,,,,18.8,92.8,4.9,0.6,0.1,22.4,22.4,RB,5.3,4.2,38.1,38.1,9.1,0.3
C. Brown  RB  CIN  Chase Brown  RB  CIN,1,,,,,,,,14.2,58.1,4.1,0.5,0.1,19.7,19.7,RB,7.3,6.0,33.4,33.4,5.6,0.3
J. Taylor  RB  IND  Jonathan Taylor  RB  IND,1,,,,,,,,22.0,88.3,4.0,0.9,0.1,19.1,19.1,RB,3.4,2.5,20.8,20.8,8.3,0.1
K. Williams  RB  LAR  Kyren Williams  RB  LAR,1,,,,,,,,15.4,83.1,5.4,0.7,0.1,18.2,18.2,RB,3.3,2.7,20.9,20.9,7.7,0.2
J. Williams  RB  DAL  Javonte Williams  RB  DAL,1,,,,,,,,15.7,64.2,4.1,0.9,0.1,17.2,17.2,RB,3.9,2.9,15.2,15.2,5.2,0.2
D. Henry  RB  BAL  Derrick Henry  RB  BAL,1,,,,,,,,19.6,99.2,5.1,0.9,0.1,17.2,17.2,RB,1.4,1.2,9.5,9.5,7.9,0.0
D. Swift  RB  CHI  D'Andre Swift  RB  CHI,1,,,,,,,,18.3,79.6,4.4,0.6,0.2,16.3,16.3,RB,3.1,2.5,21.4,21.4,8.6,0.1
A. Jeanty  RB  LV  Ashton Jeanty  RB  LV,1,,,,,,,,16.8,59.3,3.5,0.3,0.1,16.1,16.1,RB,5.3,4.1,27.7,27.7,6.8,0.3
J. Warren  RB  PIT  Jaylen Warren  RB  PIT,1,,,,,,,,15.1,65.6,4.3,0.5,0.1,15.3,15.3,RB,3.7,2.8,26.6,26.6,9.5,0.1
C. Skattebo  RB  NYG  Cam Skattebo  RB  NYG,1,,,,,,,,14.7,62.9,4.3,0.5,0.1,14.3,14.3,RB,3.1,2.5,22.4,22.4,9.0,0.1
J. Cook III  RB  BUF  James Cook III  RB  BUF,1,,,,,,,,17.4,89.0,5.1,0.4,0.2,14.2,14.2,RB,2.2,1.6,11.0,11.0,6.9,0.1
C. McCaffrey  RB  SF  Christian McCaffrey  RB  SF,1,,,,,,,,14.3,48.9,3.4,0.4,0.1,14.2,14.2,RB,4.9,3.8,28.7,28.7,7.6,0.1
J. Love  RB  ARI  Jeremiyah Love  RB  ARI,1,,,,,,,,14.2,58.9,4.2,0.4,0.2,14.1,14.1,RB,3.9,3.1,20.8,20.8,6.7,0.2
B. Irving  RB  TB  Bucky Irving  RB  TB,1,,,,,,,,19.4,76.3,3.9,0.4,0.2,14.1,14.1,RB,2.7,2.3,16.9,16.9,7.4,0.1
B. Tuten  RB  JAC  Bhayshul Tuten  RB  JAC,1,,,,,,,,17.5,70.7,4.0,0.6,0.1,13.7,13.7,RB,1.8,1.6,11.0,11.0,6.9,0.1
A. Jones  RB  MIN  Aaron Jones  RB  MIN,1,,,,,,,,15.3,62.9,4.1,0.4,0.1,13.6,13.6,RB,3.9,2.6,20.2,20.2,7.8,0.1
B. Allen  RB  NYJ  Braelon Allen  RB  NYJ,1,,,,,,,,15.7,61.0,3.9,0.6,0.1,12.0,12.0,RB,2.1,1.7,8.0,8.0,4.7,0.0
Q. Judkins  RB  CLE  Quinshon Judkins  RB  CLE,1,,,,,,,,13.9,42.9,3.1,0.5,0.1,11.9,11.9,RB,3.6,3.0,19.2,19.2,6.4,0.0
J. Croskey-Merritt  RB  WAS  Jacory Croskey-Merritt  RB  WAS,1,,,,,,,,14.7,67.1,4.6,0.6,0.1,11.6,11.6,RB,1.2,0.9,6.4,6.4,7.1,0.0
T. Henderson  RB  NE  TreVeyon Henderson  RB  NE,1,,,,,,,,12.8,55.5,4.3,0.5,0.1,11.5,11.5,RB,2.3,1.6,10.2,10.2,6.4,0.1
D. Montgomery  RB  HOU  David Montgomery  RB  HOU,1,,,,,,,,14.4,45.3,3.2,0.5,0.1,10.9,10.9,RB,1.8,1.6,14.5,14.5,9.1,0.1
E. Wilson  RB  SEA  Emanuel Wilson  RB  SEA,1,,,,,,,,15.5,56.0,3.6,0.4,0.1,10.2,10.2,RB,1.4,1.1,7.9,7.9,7.2,0.1
O. Gordon II  RB  MIA  Ollie Gordon II  RB  MIA,1,,,,,,,,11.5,49.1,4.3,0.6,0.0,10.0,10.0,RB,0.8,0.7,2.8,2.8,4.0,0.1
T. Pollard  RB  TEN  Tony Pollard  RB  TEN,1,,,,,,,,13.6,51.3,3.8,0.3,0.1,9.8,9.8,RB,2.7,2.0,11.4,11.4,5.7,0.0
R. Stevenson  RB  NE  Rhamondre Stevenson  RB  NE,1,,,,,,,,7.7,31.0,4.0,0.3,0.1,9.4,9.4,RB,2.8,2.2,19.8,19.8,9.0,0.1
R. Harvey  RB  DEN  RJ Harvey  RB  DEN,1,,,,,,,,3.9,14.9,3.8,0.2,0.0,9.4,9.4,RB,3.7,3.2,24.4,24.4,7.6,0.2
J. Dobbins  RB  DEN  J.K. Dobbins  RB  DEN,1,,,,,,,,13.5,60.4,4.5,0.3,0.1,8.9,8.9,RB,1.1,0.9,4.0,4.0,4.4,0.0
O. Hampton  RB  LAC  Omarion Hampton  RB  LAC,1,,,,,,,,9.7,40.1,4.1,0.4,0.2,8.9,8.9,RB,1.7,1.5,8.6,8.6,5.7,0.1
A. Kamara  RB  NO  Alvin Kamara  RB  NO,1,,,,,,,,10.1,33.9,3.4,0.3,0.1,8.5,8.5,RB,2.9,2.3,13.7,13.7,6.0,0.0
M. Washington Jr.  RB  LV  Mike Washington Jr.  RB  LV,1,,,,,,,,8.0,32.6,4.1,0.4,0.1,8.1,8.1,RB,2.3,1.2,9.2,9.2,7.7,0.1
W. Shipley  RB  PHI  Will Shipley  RB  PHI,1,,,,,,,,14.6,46.1,3.2,0.3,0.3,8.0,8.0,RB,1.9,1.4,8.5,8.5,6.1,0.0
K. Mitchell  RB  LAC  Keaton Mitchell  RB  LAC,1,,,,,,,,9.9,44.9,4.5,0.2,0.0,7.9,7.9,RB,1.4,1.2,5.3,5.3,4.4,0.1
K. Gainwell  RB  TB  Kenneth Gainwell  RB  TB,1,,,,,,,,5.4,19.7,3.7,0.1,0.0,7.5,7.5,RB,2.8,2.2,16.8,16.8,7.6,0.2
R. White  RB  WAS  Rachaad White  RB  WAS,1,,,,,,,,6.5,37.6,5.8,0.1,0.0,7.4,7.4,RB,1.7,1.5,10.1,10.1,6.7,0.1
W. Marks  RB  HOU  Woody Marks  RB  HOU,1,,,,,,,,8.1,28.2,3.5,0.3,0.0,7.4,7.4,RB,2.0,1.4,8.7,8.7,6.2,0.1
T. Spears  RB  TEN  Tyjae Spears  RB  TEN,1,,,,,,,,5.5,19.1,3.5,0.1,0.0,6.8,6.8,RB,2.9,2.5,18.5,18.5,7.4,0.0
T. Allgeier  RB  ARI  Tyler Allgeier  RB  ARI,1,,,,,,,,7.8,27.9,3.6,0.3,0.0,6.8,6.8,RB,1.6,1.6,7.9,7.9,4.9,0.0
K. Monangai  RB  CHI  Kyle Monangai  RB  CHI,1,,,,,,,,7.7,33.8,4.4,0.2,0.0,6.5,6.5,RB,1.5,1.1,9.1,9.1,8.3,0.0
C. Rodriguez Jr.  RB  JAC  Chris Rodriguez Jr.  RB  JAC,1,,,,,,,,8.5,32.0,3.8,0.5,0.0,6.3,6.3,RB,0.1,0.1,0.7,0.7,7.0,0.0
B. Robinson Jr.  RB  ATL  Brian Robinson Jr.  RB  ATL,1,,,,,,,,8.5,35.1,4.1,0.4,0.0,6.3,6.3,RB,0.4,0.3,1.9,1.9,6.3,0.0
B. Corum  RB  LAR  Blake Corum  RB  LAR,1,,,,,,,,8.1,44.2,5.5,0.2,0.0,6.0,6.0,RB,0.5,0.3,1.9,1.9,6.3,0.0
M. Lloyd  RB  GB  MarShawn Lloyd  RB  GB,1,,,,,,,,6.7,27.9,4.2,0.2,0.1,5.8,5.8,RB,1.0,0.8,7.1,7.1,8.9,0.1
K. Vidal  RB  LAC  Kimani Vidal  RB  LAC,1,,,,,,,,6.6,27.5,4.2,0.1,0.0,5.7,5.7,RB,1.6,1.0,8.7,8.7,8.7,0.1
S. Perine  RB  CIN  Samaje Perine  RB  CIN,1,,,,,,,,5.6,22.8,4.1,0.2,0.1,5.5,5.5,RB,1.8,1.3,10.9,10.9,8.4,0.0
S. Barkley  RB  PHI  Saquon Barkley  RB  PHI,1,,,,,,,,6.3,27.0,4.3,0.1,0.0,5.5,5.5,RB,2.1,1.4,8.8,8.8,6.3,0.0
R. Sanders  RB  CLE  Raheim Sanders  RB  CLE,1,,,,,,,,4.2,16.4,3.9,0.1,0.0,5.4,5.4,RB,2.2,1.8,14.2,14.2,7.9,0.0
C. Brooks  RB  GB  Christopher Brooks  RB  GB,1,,,,,,,,6.1,31.5,5.2,0.1,0.0,5.3,5.3,RB,1.2,0.9,7.0,7.0,7.8,0.0
T. Johnson  RB  BUF  Ty Johnson  RB  BUF,1,,,,,,,,3.1,12.1,3.9,0.1,0.0,5.2,5.2,RB,1.7,1.4,14.6,14.6,10.4,0.1
K. Johnson  RB  GB  Kaleb Johnson  RB  GB,1,,,,,,,,9.1,43.2,4.8,0.2,0.3,5.1,5.1,RB,0.3,0.1,1.7,1.7,17.0,0.0
J. Wright  RB  MIA  Jaylen Wright  RB  MIA,1,,,,,,,,8.0,31.0,3.9,0.2,0.1,4.9,4.9,RB,0.9,0.5,3.8,3.8,7.6,0.0
J. Hill  RB  BAL  Justice Hill  RB  BAL,1,,,,,,,,3.9,17.5,4.5,0.1,0.0,4.8,4.8,RB,1.3,1.1,8.5,8.5,7.7,0.1
G. Holani  RB  SEA  George Holani  RB  SEA,1,,,,,,,,6.2,19.7,3.2,0.1,0.0,4.5,4.5,RB,1.3,1.2,8.2,8.2,6.8,0.0
N. Harris  RB  NYG  Najee Harris  RB  NYG,1,,,,,,,,5.2,24.6,4.7,0.2,0.1,4.1,4.1,RB,0.5,0.4,3.6,3.6,9.0,0.0
I. Davis  RB  NYJ  Isaiah Davis  RB  NYJ,1,,,,,,,,3.7,20.3,5.5,0.1,0.0,3.9,3.9,RB,0.9,0.7,6.1,6.1,8.7,0.0
K. Black  RB  SF  Kaelon Black  RB  SF,1,,,,,,,,7.5,25.2,3.4,0.1,0.1,3.8,3.8,RB,0.8,0.5,4.3,4.3,8.6,0.0
C. Donaldson  RB  NO  CJ Donaldson  RB  NO,1,,,,,,,,3.6,13.0,3.6,0.1,0.0,3.8,3.8,RB,1.4,1.1,8.0,8.0,7.3,0.0
K. Miller  RB  NO  Kendre Miller  RB  NO,1,,,,,,,,6.7,19.5,2.9,0.2,0.2,3.5,3.5,RB,0.9,0.6,2.9,2.9,4.8,0.0
D. Singletary  RB  NYG  Devin Singletary  RB  NYG,1,,,,,,,,3.5,13.4,3.8,0.1,0.0,3.4,3.4,RB,0.6,0.5,4.3,4.3,8.6,0.1
D. Herman  RB  MIA  DJ Herman  RB  MIA,1,,,,,,,,0.0,0.0,0.0,0.0,0.0,3.4,3.4,RB,2.3,1.4,20.8,20.8,14.9,0.0
T. Badie  RB  DEN  Tyler Badie  RB  DEN,1,,,,,,,,3.2,12.1,3.8,0.0,0.1,2.6,2.6,RB,1.2,0.8,8.3,8.3,10.4,0.0
J. McLaughlin  RB  CLE  Jaleel McLaughlin  RB  CLE,1,,,,,,,,2.8,14.8,5.3,0.1,0.0,2.6,2.6,RB,0.7,0.5,1.9,1.9,3.8,0.0
D. Dallas  RB  MIN  DeeJay Dallas  RB  MIN,1,,,,,,,,3.9,16.9,4.3,0.0,0.0,2.6,2.6,RB,0.7,0.6,4.6,4.6,7.7,0.0
A. Ekeler  RB  WAS  Austin Ekeler  RB  WAS,1,,,,,,,,2.1,12.6,6.0,0.1,0.0,2.5,2.5,RB,0.5,0.4,3.4,3.4,8.5,0.0
D. Claiborne  RB  MIN  Demond Claiborne  RB  MIN,1,,,,,,,,2.9,11.3,3.9,0.1,0.0,2.4,2.4,RB,0.5,0.4,3.7,3.7,9.3,0.0
S. Tucker  RB  TB  Sean Tucker  RB  TB,1,,,,,,,,2.2,8.6,3.9,0.2,0.0,2.0,2.0,RB,0.1,0.0,0.3,0.3,0.0,0.0
S. Vaki  RB  DET  Sione Vaki  RB  DET,1,,,,,,,,3.7,16.0,4.3,0.0,0.0,2.0,2.0,RB,0.2,0.2,2.6,2.6,13.0,0.0
A. Randall  RB  BAL  Adam Randall  RB  BAL,1,,,,,,,,2.2,11.0,5.0,0.1,0.0,1.9,1.9,RB,0.1,0.1,1.2,1.2,12.0,0.0
D. Ogunbowale  RB  HOU  Dare Ogunbowale  RB  HOU,1,,,,,,,,1.1,3.8,3.5,0.1,0.0,1.8,1.8,RB,0.7,0.5,4.4,4.4,8.8,0.0
I. Guerendo  RB  SF  Isaac Guerendo  RB  SF,1,,,,,,,,2.0,8.3,4.2,0.1,0.0,1.8,1.8,RB,0.3,0.2,2.0,2.0,10.0,0.0
L. Allen  RB  JAC  LeQuint Allen  RB  JAC,1,,,,,,,,3.3,11.4,3.5,0.0,0.0,1.8,1.8,RB,0.6,0.5,2.4,2.4,4.8,0.0
K. Allen  RB  WAS  Kaytron Allen  RB  WAS,1,,,,,,,,2.1,10.6,5.1,0.1,0.0,1.7,1.7,RB,0.1,0.1,0.9,0.9,9.0,0.0
S. McGowan  RB  IND  Seth McGowan  RB  IND,1,,,,,,,,1.9,7.8,4.1,0.1,0.0,1.6,1.6,RB,0.2,0.2,1.3,1.3,6.5,0.0
Z. Knight  RB  ARI  Zonovan Knight  RB  ARI,1,,,,,,,,1.6,6.3,3.9,0.1,0.0,1.5,1.5,RB,0.2,0.2,1.3,1.3,6.5,0.0
R. Johnson  RB  CHI  Roschon Johnson  RB  CHI,1,,,,,,,,2.0,6.1,3.1,0.1,0.0,1.5,1.5,RB,0.2,0.2,1.2,1.2,6.0,0.0
J. Conner  RB  ARI  James Conner  RB  ARI,1,,,,,,,,1.6,5.7,3.6,0.1,0.0,1.4,1.4,RB,0.2,0.2,1.8,1.8,9.0,0.0
T. Goodson  RB  DAL  Tyler Goodson  RB  DAL,1,,,,,,,,3.7,12.6,3.4,0.0,0.0,1.4,1.4,RB,0.3,0.2,0.4,0.4,2.0,0.0
E. Demercado  RB  DAL  Emari Demercado  RB  DAL,1,,,,,,,,1.9,9.3,4.9,0.0,0.0,1.3,1.3,RB,0.4,0.2,2.0,2.0,10.0,0.0
J. McNichols  RB  WAS  Jeremy McNichols  RB  WAS,1,,,,,,,,1.0,5.4,5.4,0.0,0.0,1.3,1.3,RB,0.6,0.5,3.4,3.4,6.8,0.0
R. Ali  RB  BAL  Rasheen Ali  RB  BAL,1,,,,,,,,0.6,1.9,3.2,0.0,0.0,1.2,1.2,RB,0.4,0.3,2.2,2.2,7.3,0.1
H. Luepke  RB  DAL  Hunter Luepke  RB  DAL,1,,,,,,,,1.0,4.3,4.3,0.0,0.0,1.1,1.1,RB,0.5,0.4,3.4,3.4,8.5,0.0
R. Davis  RB  BUF  Ray Davis  RB  BUF,1,,,,,,,,2.1,9.7,4.6,0.0,0.0,1.0,1.0,RB,0.1,0.1,0.9,0.9,9.0,0.0
T. Tracy Jr.  RB  NYG  Tyrone Tracy Jr.  RB  NYG,1,,,,,,,,1.9,8.8,4.6,0.0,0.0,0.9,0.9,RB,0.1,0.1,0.9,0.9,9.0,0.0
A. Beck  FB  NYJ  Andrew Beck  FB  NYJ,1,,,,,,,,0.1,0.4,4.0,0.0,0.0,0.9,0.9,RB,0.3,0.2,1.6,1.6,8.0,0.1
M. Burton  FB  CLE  Michael Burton  FB  CLE,1,,,,,,,,0.3,0.3,1.0,0.1,0.0,0.9,0.9,RB,0.4,0.2,1.6,1.6,8.0,0.0
C. Kiner  RB  NE  Corey Kiner  RB  NE,1,,,,,,,,2.0,7.4,3.7,0.0,0.0,0.9,0.9,RB,0.1,0.1,1.0,1.0,10.0,0.0
A. Abdullah  RB  JAC  Ameer Abdullah  RB  JAC,1,,,,,,,,1.0,3.9,3.9,0.0,0.0,0.8,0.8,RB,0.4,0.3,2.0,2.0,6.7,0.0
B. Russell  FB  SEA  Brady Russell  FB  SEA,1,,,,,,,,0.0,0.0,0.0,0.0,0.0,0.8,0.8,RB,0.4,0.4,4.7,4.7,11.8,0.0
D. Giddens  RB  IND  DJ Giddens  RB  IND,1,,,,,,,,1.9,7.4,3.9,0.0,0.0,0.8,0.8,RB,0.1,0.1,0.6,0.6,6.0,0.0
A. Estime  RB  NO  Audric Estime  RB  NO,1,,,,,,,,1.6,5.8,3.6,0.0,0.0,0.8,0.8,RB,0.2,0.2,1.3,1.3,6.5,0.0
K. Nwangwu  RB  NYJ  Kene Nwangwu  RB  NYJ,1,,,,,,,,1.8,7.1,3.9,0.0,0.0,0.7,0.7,RB,0.0,0.0,0.2,0.2,0.0,0.0
N. Singleton  RB  TEN  Nicholas Singleton  RB  TEN,1,,,,,,,,1.6,5.0,3.1,0.0,0.0,0.6,0.6,RB,0.1,0.1,0.9,0.9,9.0,0.0
A. Ingold  FB  LAC  Alec Ingold  FB  LAC,1,,,,,,,,0.4,0.9,2.3,0.0,0.0,0.6,0.6,RB,0.4,0.3,3.2,3.2,10.7,0.0
T. Brooks  RB  CIN  Tahj Brooks  RB  CIN,1,,,,,,,,1.6,4.4,2.8,0.0,0.0,0.5,0.5,RB,0.1,0.1,0.8,0.8,8.0,0.0
J. James  RB  SF  Jordan James  RB  SF,1,,,,,,,,1.2,4.3,3.6,0.0,0.0,0.5,0.5,RB,0.1,0.1,0.9,0.9,9.0,0.0
A. Prentice  FB  DEN  Adam Prentice  FB  DEN,1,,,,,,,,0.4,1.9,4.8,0.0,0.0,0.4,0.4,RB,0.2,0.2,1.1,1.1,5.5,0.0
J. Saylors  RB  DET  Jacob Saylors  RB  DET,1,,,,,,,,0.7,3.2,4.6,0.0,0.0,0.4,0.4,RB,0.1,0.1,0.7,0.7,7.0,0.0
R. Gilliam  RB  NE  Reggie Gilliam  RB  NE,1,,,,,,,,0.2,0.3,1.5,0.0,0.0,0.3,0.3,RB,0.3,0.2,1.4,1.4,7.0,0.0
P. Ricard  RB  NYG  Patrick Ricard  RB  NYG,1,,,,,,,,0.1,0.2,2.0,0.0,0.0,0.2,0.2,RB,0.4,0.2,0.8,0.8,4.0,0.0
J. Chestnut  RB  TEN  Julius Chestnut  RB  TEN,1,,,,,,,,0.6,1.9,3.2,0.0,0.0,0.1,0.1,RB,0.0,0.0,0.1,0.1,0.0,0.0
C. Lamb  WR  DAL  CeeDee Lamb  WR  DAL,1,,,,,,,,0.5,0.5,1.0,0.0,0.0,22.9,22.9,WR,10.7,7.6,105.0,105.0,13.8,0.8
J. Smith-Njigba  WR  SEA  Jaxon Smith-Njigba  WR  SEA,1,,,,,,,,0.2,1.3,6.5,0.0,0.0,22.4,22.4,WR,9.8,7.2,97.5,97.5,13.5,0.9
A. St. Brown  WR  DET  Amon-Ra St. Brown  WR  DET,1,,,,,,,,0.1,0.2,2.0,0.0,0.0,21.0,21.0,WR,10.5,7.2,84.7,84.7,11.8,0.9
P. Nacua  WR  LAR  Puka Nacua  WR  LAR,1,,,,,,,,0.8,5.3,6.6,0.1,0.0,20.1,20.1,WR,9.6,6.7,93.7,93.7,14.0,0.5
T. Higgins  WR  CIN  Tee Higgins  WR  CIN,1,,,,,,,,0.0,0.0,0.0,0.0,0.0,19.8,19.8,WR,10.2,6.5,91.7,91.7,14.1,0.7
N. Collins  WR  HOU  Nico Collins  WR  HOU,1,,,,,,,,0.2,1.1,5.5,0.1,0.0,19.1,19.1,WR,8.8,5.7,85.6,85.6,15.0,0.7
D. London  WR  ATL  Drake London  WR  ATL,1,,,,,,,,0.2,0.3,1.5,0.0,0.0,18.1,18.1,WR,8.5,5.7,88.7,88.7,15.6,0.6
C. Olave  WR  NO  Chris Olave  WR  NO,1,,,,,,,,0.1,-0.0,0.0,0.0,0.0,16.6,16.6,WR,9.2,6.3,79.3,79.3,12.6,0.4
C. Watson  WR  GB  Christian Watson  WR  GB,1,,,,,,,,0.1,0.5,5.0,0.0,0.0,16.3,16.3,WR,7.0,4.3,78.9,78.9,18.4,0.7
Z. Flowers  WR  BAL  Zay Flowers  WR  BAL,1,,,,,,,,0.5,4.3,8.6,0.0,0.1,16.1,16.1,WR,7.1,5.2,77.1,77.1,14.8,0.5
G. Pickens  WR  DAL  George Pickens  WR  DAL,1,,,,,,,,0.0,-0.1,0.0,0.0,0.0,16.1,16.1,WR,8.4,5.6,81.5,81.5,14.6,0.4
G. Wilson  WR  NYJ  Garrett Wilson  WR  NYJ,1,,,,,,,,0.0,0.1,0.0,0.0,0.0,15.4,15.4,WR,8.1,5.6,62.0,62.0,11.1,0.6
D. Adams  WR  LAR  Davante Adams  WR  LAR,1,,,,,,,,0.0,0.0,0.0,0.0,0.0,15.1,15.1,WR,7.9,4.4,65.8,65.8,15.0,0.7
M. Wilson  WR  ARI  Michael Wilson  WR  ARI,1,,,,,,,,0.0,0.1,0.0,0.0,0.0,13.9,13.9,WR,8.5,5.2,63.4,63.4,12.2,0.4
J. Williams  WR  DET  Jameson Williams  WR  DET,1,,,,,,,,0.3,2.0,6.7,0.0,0.0,13.4,13.4,WR,6.2,4.0,68.4,68.4,17.1,0.4
T. McLaurin  WR  WAS  Terry McLaurin  WR  WAS,1,,,,,,,,0.0,0.0,0.0,0.0,0.0,13.4,13.4,WR,6.6,3.9,59.3,59.3,15.2,0.6
M. Nabers  WR  NYG  Malik Nabers  WR  NYG,1,,,,,,,,0.1,0.1,1.0,0.0,0.0,13.4,13.4,WR,7.2,4.7,63.1,63.1,13.4,0.4
P. Washington  WR  JAC  Parker Washington  WR  JAC,1,,,,,,,,0.4,0.3,0.8,0.0,0.0,13.1,13.1,WR,6.8,4.2,59.8,59.8,14.2,0.5
R. Doubs  WR  NE  Romeo Doubs  WR  NE,1,,,,,,,,0.0,0.0,0.0,0.0,0.0,12.6,12.6,WR,6.2,3.9,57.7,57.7,14.8,0.5
D. Metcalf  WR  PIT  DK Metcalf  WR  PIT,1,,,,,,,,0.1,0.4,4.0,0.1,0.0,11.7,11.7,WR,6.9,3.7,56.7,56.7,15.3,0.3
M. Golden  WR  GB  Matthew Golden  WR  GB,1,,,,,,,,0.4,2.4,6.0,0.0,0.0,11.4,11.4,WR,6.6,3.5,59.4,59.4,17.0,0.3
E. Egbuka  WR  TB  Emeka Egbuka  WR  TB,1,,,,,,,,0.2,-0.2,-1.0,0.0,0.0,11.2,11.2,WR,7.2,3.7,51.3,51.3,13.9,0.4
J. Downs  WR  IND  Josh Downs  WR  IND,1,,,,,,,,0.1,0.1,1.0,0.0,0.0,11.2,11.2,WR,6.8,4.3,51.8,51.8,12.1,0.3
L. Burden III  WR  CHI  Luther Burden III  WR  CHI,1,,,,,,,,0.6,2.9,4.8,0.0,0.1,11.1,11.1,WR,6.2,4.2,51.3,51.3,12.2,0.3
C. Tate  WR  TEN  Carnell Tate  WR  TEN,1,,,,,,,,0.1,0.3,3.0,0.0,0.2,11.1,11.1,WR,6.7,4.3,60.4,60.4,14.1,0.2
J. Waddle  WR  DEN  Jaylen Waddle  WR  DEN,1,,,,,,,,0.2,2.3,11.5,0.0,0.0,11.1,11.1,WR,6.2,3.9,52.9,52.9,13.6,0.3
S. Diggs  WR  WAS  Stefon Diggs  WR  WAS,1,,,,,,,,0.0,0.1,0.0,0.0,0.0,11.0,11.0,WR,6.0,4.3,43.3,43.3,10.1,0.4
M. Evans  WR  SF  Mike Evans  WR  SF,1,,,,,,,,0.0,0.0,0.0,0.0,0.0,10.9,10.9,WR,6.8,4.3,48.3,48.3,11.2,0.3
J. Addison  WR  MIN  Jordan Addison  WR  MIN,1,,,,,,,,0.2,3.0,15.0,0.1,0.0,10.8,10.8,WR,5.6,3.0,45.2,45.2,15.1,0.4
C. Godwin  WR  TB  Chris Godwin  WR  TB,1,,,,,,,,0.3,2.4,8.0,0.0,0.0,10.6,10.6,WR,5.1,4.0,46.2,46.2,11.6,0.3
D. Wicks  WR  PHI  Dontayvion Wicks  WR  PHI,1,,,,,,,,0.0,0.2,0.0,0.0,0.0,10.5,10.5,WR,7.1,4.2,51.4,51.4,12.2,0.2
T. Tucker  WR  LV  Tre Tucker  WR  LV,1,,,,,,,,0.4,1.6,4.0,0.0,0.0,10.2,10.2,WR,6.7,4.1,48.2,48.2,11.8,0.2
M. Washington  WR  MIA  Malik Washington  WR  MIA,1,,,,,,,,0.9,4.1,4.6,0.0,0.2,10.1,10.1,WR,6.5,4.3,46.6,46.6,10.8,0.2
W. Robinson  WR  TEN  Wan'Dale Robinson  WR  TEN,1,,,,,,,,0.2,0.3,1.5,0.0,0.0,10.0,10.0,WR,6.4,4.2,40.9,40.9,9.7,0.3
M. Lemon  WR  PHI  Makai Lemon  WR  PHI,1,,,,,,,,0.2,0.0,0.0,0.0,0.1,9.8,9.8,WR,6.8,4.3,45.4,45.4,10.6,0.2
D. Meyers  WR  CIN  Dohnte Meyers  WR  CIN,1,,,,,,,,0.2,1.3,6.5,0.0,0.2,9.8,9.8,WR,6.4,4.1,48.9,48.9,11.9,0.2
R. Odunze  WR  CHI  Rome Odunze  WR  CHI,1,,,,,,,,0.0,0.2,0.0,0.0,0.0,9.7,9.7,WR,6.4,3.5,50.7,50.7,14.5,0.2
D. Samuel  WR  SF  Deebo Samuel  WR  SF,1,,,,,,,,2.2,10.6,4.8,0.0,0.0,9.6,9.6,WR,4.9,3.5,33.9,33.9,9.7,0.3
D. Boston  WR  CLE  Denzel Boston  WR  CLE,1,,,,,,,,0.1,0.3,3.0,0.0,0.1,9.6,9.6,WR,5.2,3.2,48.7,48.7,15.2,0.3
J. Meyers  WR  JAC  Jakobi Meyers  WR  JAC,1,,,,,,,,0.3,0.8,2.7,0.0,0.0,9.3,9.3,WR,4.9,3.5,40.4,40.4,11.5,0.3
M. Harrison Jr.  WR  ARI  Marvin Harrison Jr.  WR  ARI,1,,,,,,,,0.0,0.0,0.0,0.0,0.0,9.2,9.2,WR,5.3,2.7,41.4,41.4,15.3,0.4
R. Wilson  WR  PIT  Roman Wilson  WR  PIT,1,,,,,,,,0.0,0.0,0.0,0.0,0.1,9.0,9.0,WR,4.7,2.8,40.4,40.4,14.4,0.4
D. Moore  WR  BUF  DJ Moore  WR  BUF,1,,,,,,,,0.8,3.6,4.5,0.0,0.0,9.0,9.0,WR,5.3,3.3,36.8,36.8,11.2,0.3
D. Vele  WR  NO  Devaughn Vele  WR  NO,1,,,,,,,,0.0,0.0,0.0,0.0,0.0,8.7,8.7,WR,5.3,3.6,39.0,39.0,10.8,0.2
B. Thomas Jr.  WR  JAC  Brian Thomas Jr.  WR  JAC,1,,,,,,,,0.1,0.9,9.0,0.0,0.0,8.7,8.7,WR,4.7,2.9,40.7,40.7,14.0,0.3
C. Sutton  WR  DEN  Courtland Sutton  WR  DEN,1,,,,,,,,0.0,0.0,0.0,0.0,0.0,8.4,8.4,WR,5.9,3.1,41.3,41.3,13.3,0.2
X. Hutchinson  WR  HOU  Xavier Hutchinson  WR  HOU,1,,,,,,,,0.2,1.0,5.0,0.0,0.0,8.3,8.3,WR,6.1,3.0,40.2,40.2,13.4,0.2
C. Douglas  WR  MIA  Caleb Douglas  WR  MIA,1,,,,,,,,0.1,0.6,6.0,0.0,0.1,8.3,8.3,WR,4.9,3.1,42.4,42.4,13.7,0.2
C. Kirk  WR  SF  Christian Kirk  WR  SF,1,,,,,,,,0.0,0.0,0.0,0.0,0.0,8.1,8.1,WR,5.5,3.1,32.0,32.0,10.3,0.3
R. Shaheed  WR  SEA  Rashid Shaheed  WR  SEA,1,,,,,,,,0.8,7.2,9.0,0.1,0.0,8.1,8.1,WR,4.7,2.5,31.0,31.0,12.4,0.2
K. Concepcion  WR  CLE  KC Concepcion  WR  CLE,1,,,,,,,,0.4,1.0,2.5,0.0,0.2,8.1,8.1,WR,5.7,3.5,37.5,37.5,10.7,0.2
M. Pittman  WR  PIT  Michael Pittman  WR  PIT,1,,,,,,,,0.0,0.0,0.0,0.0,0.0,8.0,8.0,WR,5.1,3.4,34.5,34.5,10.2,0.2
J. Jefferson  WR  MIN  Justin Jefferson  WR  MIN,1,,,,,,,,0.1,0.2,2.0,0.0,0.0,8.0,8.0,WR,4.1,2.6,36.7,36.7,14.1,0.3
Q. Johnston  WR  LAC  Quentin Johnston  WR  LAC,1,,,,,,,,0.2,0.4,2.0,0.0,0.0,7.9,7.9,WR,5.2,2.6,35.3,35.3,13.6,0.3
K. Raymond  WR  CHI  Kalif Raymond  WR  CHI,1,,,,,,,,0.1,0.5,5.0,0.0,0.0,7.7,7.7,WR,3.7,3.2,33.9,33.9,10.6,0.2
K. Shakir  WR  BUF  Khalil Shakir  WR  BUF,1,,,,,,,,0.0,0.1,0.0,0.0,0.1,7.6,7.6,WR,4.7,3.5,31.4,31.4,9.0,0.2
C. Kupp  WR  SEA  Cooper Kupp  WR  SEA,1,,,,,,,,0.0,0.1,0.0,0.0,0.0,7.6,7.6,WR,4.4,3.0,34.7,34.7,11.6,0.2
T. Hurst  WR  TB  Ted Hurst  WR  TB,1,,,,,,,,0.1,0.6,6.0,0.0,0.1,7.6,7.6,WR,4.2,2.4,36.9,36.9,15.4,0.3
D. Cooper  WR  PHI  Darius Cooper  WR  PHI,1,,,,,,,,0.0,0.1,0.0,0.0,0.0,7.5,7.5,WR,4.4,2.7,30.5,30.5,11.3,0.3
I. Williams  WR  NYJ  Isaiah Williams  WR  NYJ,1,,,,,,,,0.3,4.0,13.3,0.0,0.0,7.4,7.4,WR,3.6,2.8,30.3,30.3,10.8,0.2
T. Harris  WR  LAC  Tre Harris  WR  LAC,1,,,,,,,,0.1,0.4,4.0,0.0,0.0,7.3,7.3,WR,4.4,2.9,38.4,38.4,13.2,0.1
D. Douglas  WR  NE  Demario Douglas  WR  NE,1,,,,,,,,0.2,0.7,3.5,0.0,0.0,7.1,7.1,WR,4.1,2.7,32.8,32.8,12.2,0.2
A. Williams  WR  WAS  Antonio Williams  WR  WAS,1,,,,,,,,0.1,0.7,7.0,0.0,0.1,7.1,7.1,WR,4.4,2.7,34.7,34.7,12.9,0.2
C. Young  WR  CIN  Colbie Young  WR  CIN,1,,,,,,,,0.1,0.4,4.0,0.0,0.1,7.1,7.1,WR,4.3,2.8,33.0,33.0,11.8,0.2
R. Flournoy  WR  DAL  Ryan Flournoy  WR  DAL,1,,,,,,,,0.1,0.5,5.0,0.0,0.0,7.0,7.0,WR,4.5,2.9,29.3,29.3,10.1,0.2
L. McConkey  WR  LAC  Ladd McConkey  WR  LAC,1,,,,,,,,0.0,0.0,0.0,0.0,0.0,7.0,7.0,WR,3.8,2.5,33.6,33.6,13.4,0.2
M. Fields  WR  NYG  Malachi Fields  WR  NYG,1,,,,,,,,0.1,0.5,5.0,0.0,0.0,6.9,6.9,WR,3.5,2.0,31.4,31.4,15.7,0.3
R. Bateman  WR  BAL  Rashod Bateman  WR  BAL,1,,,,,,,,0.0,0.0,0.0,0.0,0.0,6.9,6.9,WR,3.3,2.1,30.6,30.6,14.6,0.3
K. Coleman  WR  BUF  Keon Coleman  WR  BUF,1,,,,,,,,0.0,0.1,0.0,0.0,0.0,6.8,6.8,WR,3.7,2.5,31.9,31.9,12.8,0.2
I. TeSlaa  WR  DET  Isaac TeSlaa  WR  DET,1,,,,,,,,0.0,0.0,0.0,0.0,0.0,6.8,6.8,WR,3.1,1.7,33.5,33.5,19.7,0.3
J. Jeudy  WR  CLE  Jerry Jeudy  WR  CLE,1,,,,,,,,0.0,0.2,0.0,0.0,0.0,6.6,6.6,WR,4.9,2.7,33.5,33.5,12.4,0.1
D. Mooney  WR  NYG  Darnell Mooney  WR  NYG,1,,,,,,,,0.1,0.8,8.0,0.0,0.0,6.6,6.6,WR,4.5,2.3,37.6,37.6,16.4,0.1
J. Watkins  WR  SF  Jordan Watkins  WR  SF,1,,,,,,,,0.1,0.5,5.0,0.0,0.1,6.6,6.6,WR,4.1,2.7,35.6,35.6,13.2,0.1
E. Ayomanor  WR  TEN  Elic Ayomanor  WR  TEN,1,,,,,,,,0.0,0.0,0.0,0.0,0.0,6.5,6.5,WR,3.9,1.9,34.4,34.4,18.1,0.2
C. Bell  WR  MIA  Chris Bell  WR  MIA,1,,,,,,,,0.1,0.5,5.0,0.0,0.0,6.5,6.5,WR,4.6,2.4,35.5,35.5,14.8,0.1
J. Jennings  WR  MIN  Jauan Jennings  WR  MIN,1,,,,,,,,0.0,0.0,0.0,0.0,0.0,6.4,6.4,WR,3.4,2.1,25.5,25.5,12.1,0.3
K. Boutte  WR  HOU  Kayshon Boutte  WR  HOU,1,,,,,,,,0.0,0.0,0.0,0.0,0.0,6.3,6.3,WR,3.2,2.1,30.6,30.6,14.6,0.2
K. Bourne  WR  ARI  Kendrick Bourne  WR  ARI,1,,,,,,,,0.0,0.1,0.0,0.0,0.0,6.2,6.2,WR,3.4,2.5,31.1,31.1,12.4,0.1
J. Noel  WR  HOU  Jaylin Noel  WR  HOU,1,,,,,,,,0.5,3.0,6.0,0.0,0.0,6.0,6.0,WR,2.8,1.9,32.6,32.6,17.2,0.1
K. Allen  WR  IND  Keenan Allen  WR  IND,1,,,,,,,,0.0,0.0,0.0,0.0,0.0,6.0,6.0,WR,3.7,2.4,24.3,24.3,10.1,0.2
B. Lance  WR  NO  Bryce Lance  WR  NO,1,,,,,,,,0.1,0.3,3.0,0.0,0.1,5.8,5.8,WR,4.9,2.5,29.2,29.2,11.7,0.1
T. Dell  WR  HOU  Tank Dell  WR  HOU,1,,,,,,,,0.7,2.8,4.0,0.0,0.0,5.5,5.5,WR,3.2,2.0,27.5,27.5,13.8,0.1
J. Nailor  WR  LV  Jalen Nailor  WR  LV,1,,,,,,,,0.1,0.1,1.0,0.0,0.0,5.4,5.4,WR,3.5,1.9,23.3,23.3,12.3,0.2
G. Bernard  WR  PIT  Germie Bernard  WR  PIT,1,,,,,,,,0.1,0.4,4.0,0.0,0.0,4.9,4.9,WR,3.1,1.9,24.0,24.0,12.6,0.1
L. Treadwell  WR  IND  Laquon Treadwell  WR  IND,1,,,,,,,,0.0,0.1,0.0,0.0,0.0,4.9,4.9,WR,2.2,1.7,26.7,26.7,15.7,0.1
I. Bond  WR  CLE  Isaiah Bond  WR  CLE,1,,,,,,,,0.2,1.4,7.0,0.0,0.0,4.8,4.8,WR,3.0,1.5,26.3,26.3,17.5,0.1
J. Cameron  WR  JAC  Josh Cameron  WR  JAC,1,,,,,,,,0.1,0.4,4.0,0.0,0.1,4.8,4.8,WR,2.5,1.6,22.8,22.8,14.3,0.2
J. Palmer  WR  BUF  Josh Palmer  WR  BUF,1,,,,,,,,0.0,0.0,0.0,0.0,0.0,4.8,4.8,WR,3.0,1.5,21.9,21.9,14.6,0.2
J. Dotson  WR  ATL  Jahan Dotson  WR  ATL,1,,,,,,,,0.0,0.1,0.0,0.0,0.0,4.7,4.7,WR,2.8,1.4,21.4,21.4,15.3,0.2
D. Walker  WR  BAL  Devontez Walker  WR  BAL,1,,,,,,,,0.0,0.0,0.0,0.0,0.0,4.6,4.6,WR,2.4,1.2,22.0,22.0,18.3,0.2
K. Turpin  WR  DAL  KaVontae Turpin  WR  DAL,1,,,,,,,,1.1,5.6,5.1,0.1,0.1,4.6,4.6,WR,2.0,1.3,18.3,18.3,14.1,0.1
K. Mumpfield  WR  LAR  Konata Mumpfield  WR  LAR,1,,,,,,,,0.0,0.0,0.0,0.0,0.0,4.5,4.5,WR,2.9,1.4,19.7,19.7,14.1,0.2
A. Dulin  WR  IND  Ashton Dulin  WR  IND,1,,,,,,,,0.2,2.4,12.0,0.0,0.0,4.5,4.5,WR,3.0,1.5,22.9,22.9,15.3,0.1
B. Skowronek  WR  PIT  Ben Skowronek  WR  PIT,1,,,,,,,,0.0,0.0,0.0,0.0,0.0,4.5,4.5,WR,1.9,1.4,19.4,19.4,13.9,0.2
T. Burks  WR  WAS  Treylon Burks  WR  WAS,1,,,,,,,,0.0,0.0,0.0,0.0,0.0,4.5,4.5,WR,2.6,1.3,20.7,20.7,15.9,0.2
O. Zaccheaus  WR  ATL  Olamide Zaccheaus  WR  ATL,1,,,,,,,,0.1,0.4,4.0,0.0,0.0,4.4,4.4,WR,3.3,2.0,18.1,18.1,9.1,0.1
T. Horton  WR  SEA  Tory Horton  WR  SEA,1,,,,,,,,0.0,0.2,0.0,0.0,0.0,4.4,4.4,WR,2.1,1.5,17.6,17.6,11.7,0.2
Z. Branch  WR  ATL  Zachariah Branch  WR  ATL,1,,,,,,,,0.1,0.6,6.0,0.0,0.1,4.3,4.3,WR,2.6,1.7,22.1,22.1,13.0,0.1
T. Johnson  WR  TB  Tez Johnson  WR  TB,1,,,,,,,,0.7,2.2,3.1,0.0,0.0,4.3,4.3,WR,2.1,1.2,17.5,17.5,14.6,0.2
D. Slayton  WR  IND  Darius Slayton  WR  IND,1,,,,,,,,0.0,0.3,0.0,0.0,0.0,4.2,4.2,WR,2.6,1.4,22.6,22.6,16.1,0.1
T. McBride  TE  ARI  Trey McBride  TE  ARI,1,,,,,,,,,,,,0.0,18.6,18.6,TE,10.5,7.8,72.0,72.0,9.2,0.6
B. Bowers  TE  LV  Brock Bowers  TE  LV,1,,,,,,,,,,,,0.0,15.6,15.6,TE,8.3,5.9,61.7,61.7,10.5,0.6
T. Warren  TE  IND  Tyler Warren  TE  IND,1,,,,,,,,,,,,0.0,13.7,13.7,TE,6.9,5.1,50.4,50.4,9.9,0.6
H. Fannin Jr.  TE  CLE  Harold Fannin Jr.  TE  CLE,1,,,,,,,,,,,,0.0,13.7,13.7,TE,6.5,4.5,44.5,44.5,9.9,0.7
S. LaPorta  TE  DET  Sam LaPorta  TE  DET,1,,,,,,,,,,,,0.0,13.5,13.5,TE,6.5,4.8,57.8,57.8,12.0,0.5
I. Likely  TE  NYG  Isaiah Likely  TE  NYG,1,,,,,,,,,,,,0.1,12.9,12.9,TE,7.9,5.3,54.0,54.0,10.2,0.4
M. Gesicki  TE  CIN  Mike Gesicki  TE  CIN,1,,,,,,,,,,,,0.0,11.6,11.6,TE,5.4,4.0,46.4,46.4,11.6,0.5
T. Kraft  TE  GB  Tucker Kraft  TE  GB,1,,,,,,,,,,,,0.0,11.5,11.5,TE,5.4,3.6,49.1,49.1,13.6,0.5
D. Schultz  TE  HOU  Dalton Schultz  TE  HOU,1,,,,,,,,,,,,0.0,11.4,11.4,TE,6.3,4.8,48.3,48.3,10.1,0.3
G. Kittle  TE  SF  George Kittle  TE  SF,1,,,,,,,,,,,,0.0,11.0,11.0,TE,5.2,4.1,45.9,45.9,11.2,0.4
J. Johnson  TE  NO  Juwan Johnson  TE  NO,1,,,,,,,,,,,,0.1,10.3,10.3,TE,5.4,4.2,45.5,45.5,10.8,0.3
J. Ferguson  TE  DAL  Jake Ferguson  TE  DAL,1,,,,,,,,,,,,0.2,10.1,10.1,TE,4.9,3.8,31.8,31.8,8.4,0.6
K. Sadiq  TE  NYJ  Kenyon Sadiq  TE  NYJ,1,,,,,,,,,,,,0.1,10.0,10.0,TE,4.6,3.1,40.3,40.3,13.0,0.5
T. Hockenson  TE  MIN  T.J. Hockenson  TE  MIN,1,,,,,,,,,,,,0.0,10.0,10.0,TE,5.3,4.2,40.6,40.6,9.7,0.3
H. Henry  TE  NE  Hunter Henry  TE  NE,1,,,,,,,,,,,,0.0,9.9,9.9,TE,5.2,3.7,44.8,44.8,12.1,0.3
C. Loveland  TE  CHI  Colston Loveland  TE  CHI,1,,,,,,,,,,,,0.0,9.9,9.9,TE,6.1,4.0,41.4,41.4,10.4,0.3
D. Kincaid  TE  BUF  Dalton Kincaid  TE  BUF,1,,,,,,,,,,,,0.1,9.4,9.4,TE,4.6,3.4,44.9,44.9,13.2,0.3
K. Pitts  TE  ATL  Kyle Pitts  TE  ATL,1,,,,,,,,,,,,0.0,9.4,9.4,TE,5.1,3.5,41.1,41.1,11.7,0.3
B. Strange  TE  JAC  Brenton Strange  TE  JAC,1,,,,,,,,,,,,0.0,9.1,9.1,TE,4.6,3.4,39.1,39.1,11.5,0.3
C. Otton  TE  TB  Cade Otton  TE  TB,1,,,,,,,,,,,,0.0,9.0,9.0,TE,5.3,3.7,41.8,41.8,11.3,0.2
M. Andrews  TE  BAL  Mark Andrews  TE  BAL,1,,,,,,,,,,,,0.0,8.9,8.9,TE,4.7,3.4,30.5,30.5,9.0,0.4
T. Higbee  TE  LAR  Tyler Higbee  TE  LAR,1,,,,,,,,,,,,0.1,8.9,8.9,TE,4.2,3.2,35.8,35.8,11.2,0.4
P. Freiermuth  TE  PIT  Pat Freiermuth  TE  PIT,1,,,,,,,,,,,,0.0,8.8,8.8,TE,4.0,3.0,34.1,34.1,11.4,0.4
G. Dulcich  TE  MIA  Greg Dulcich  TE  MIA,1,,,,,,,,,,,,0.1,8.0,8.0,TE,4.5,3.3,37.9,37.9,11.5,0.2
M. Mayer  TE  LV  Michael Mayer  TE  LV,1,,,,,,,,,,,,0.0,7.4,7.4,TE,4.6,3.5,27.2,27.2,7.8,0.2
O. Gadsden II  TE  LAC  Oronde Gadsden II  TE  LAC,1,,,,,,,,,,,,0.0,7.2,7.2,TE,3.9,2.7,33.1,33.1,12.3,0.2
A. Barner  TE  SEA  AJ Barner  TE  SEA,1,,,,,,,,,,,,0.0,7.1,7.1,TE,3.8,2.7,26.1,26.1,9.7,0.2
C. Okonkwo  TE  WAS  Chigoziem Okonkwo  TE  WAS,1,,,,,,,,,,,,0.0,6.9,6.9,TE,4.1,2.8,29.1,29.1,10.4,0.2
N. Fant  TE  NO  Noah Fant  TE  NO,1,,,,,,,,,,,,0.1,6.4,6.4,TE,3.5,2.6,22.2,22.2,8.5,0.3
D. Washington  TE  PIT  Darnell Washington  TE  PIT,1,,,,,,,,,,,,0.0,6.2,6.2,TE,3.1,2.2,28.0,28.0,12.7,0.2
C. Parkinson  TE  LAR  Colby Parkinson  TE  LAR,1,,,,,,,,,,,,0.0,6.2,6.2,TE,3.2,2.2,22.9,22.9,10.4,0.3
T. Ferguson  TE  LAR  Terrance Ferguson  TE  LAR,1,,,,,,,,,,,,0.0,5.9,5.9,TE,3.6,1.8,23.4,23.4,13.0,0.3
M. Taylor  TE  NYJ  Mason Taylor  TE  NYJ,1,,,,,,,,,,,,0.0,5.6,5.6,TE,3.8,2.5,19.8,19.8,7.9,0.2
E. Engram  TE  DEN  Evan Engram  TE  DEN,1,,,,,,,,,,,,0.0,5.5,5.5,TE,4.1,2.5,24.5,24.5,9.8,0.1
J. Smith  TE  GB  Jonnu Smith  TE  GB,1,,,,,,,,,,,,0.0,5.3,5.3,TE,2.5,1.8,20.7,20.7,11.5,0.1
G. Helm  TE  TEN  Gunnar Helm  TE  TEN,1,,,,,,,,,,,,0.0,5.2,5.2,TE,3.3,2.5,21.6,21.6,8.6,0.1
M. Hibner  TE  BAL  Matthew Hibner  TE  BAL,1,,,,,,,,,,,,0.0,4.9,4.9,TE,2.4,1.8,19.9,19.9,11.1,0.2
E. Raridon  TE  NE  Eli Raridon  TE  NE,1,,,,,,,,,,,,0.0,4.9,4.9,TE,2.5,1.7,20.4,20.4,12.0,0.2
D. Knox  TE  BUF  Dawson Knox  TE  BUF,1,,,,,,,,,,,,0.0,4.6,4.6,TE,2.3,1.8,16.7,16.7,9.3,0.2
J. Ruckert  TE  NYJ  Jeremy Ruckert  TE  NYJ,1,,,,,,,,,,,,0.0,4.4,4.4,TE,2.2,1.8,14.3,14.3,7.9,0.2
Z. Ertz  TE  PHI  Zach Ertz  TE  PHI,1,,,,,,,,,,,,0.0,4.4,4.4,TE,2.9,2.0,18.5,18.5,9.3,0.1
L. Musgrave  TE  GB  Luke Musgrave  TE  GB,1,,,,,,,,,,,,0.0,4.3,4.3,TE,2.5,1.8,19.8,19.8,11.0,0.1
A. Hooper  TE  ATL  Austin Hooper  TE  ATL,1,,,,,,,,,,,,0.0,3.9,3.9,TE,1.9,1.4,13.9,13.9,9.9,0.2
B. Wright  TE  DET  Brock Wright  TE  DET,1,,,,,,,,,,,,0.0,3.9,3.9,TE,2.5,1.7,16.0,16.0,9.4,0.1
N. Adkins  TE  DEN  Nate Adkins  TE  DEN,1,,,,,,,,,,,,0.0,3.8,3.8,TE,1.4,1.1,9.2,9.2,8.4,0.3
F. Moreau  TE  HOU  Foster Moreau  TE  HOU,1,,,,,,,,,,,,0.0,3.7,3.7,TE,1.7,1.3,12.9,12.9,9.9,0.2
C. Kmet  TE  CHI  Cole Kmet  TE  CHI,1,,,,,,,,,,,,0.0,3.5,3.5,TE,1.7,1.2,11.4,11.4,9.5,0.2
A. Trautman  TE  DEN  Adam Trautman  TE  DEN,1,,,,,,,,,,,,0.0,3.5,3.5,TE,2.1,1.4,15.4,15.4,11.0,0.1
D. Bellinger  TE  TEN  Daniel Bellinger  TE  TEN,1,,,,,,,,,,,,0.0,3.5,3.5,TE,1.8,1.4,15.9,15.9,11.4,0.1
E. Higgins  TE  ARI  Elijah Higgins  TE  ARI,1,,,,,,,,,,,,0.0,3.5,3.5,TE,1.7,1.5,14.0,14.0,9.3,0.1
D. Allen  TE  LAR  Davis Allen  TE  LAR,1,,,,,,,,,,,,0.0,3.3,3.3,TE,2.3,1.4,13.2,13.2,9.4,0.1
T. Johnson  TE  NYG  Theo Johnson  TE  NYG,1,,,,,,,,,,,,0.0,3.3,3.3,TE,2.1,1.2,15.2,15.2,12.7,0.1
C. Kolar  TE  LAC  Charlie Kolar  TE  LAC,1,,,,,,,,,,,,0.0,3.2,3.2,TE,1.6,1.3,13.8,13.8,10.6,0.1
J. Bates  TE  WAS  John Bates  TE  WAS,1,,,,,,,,,,,,0.0,3.0,3.0,TE,1.9,1.3,11.9,11.9,9.2,0.1
C. Woerner  TE  ATL  Charlie Woerner  TE  ATL,1,,,,,,,,,,,,0.0,3.0,3.0,TE,2.3,1.3,11.8,11.8,9.1,0.1
C. Heyward  FB  LV  Connor Heyward  FB  LV,1,,,,,,,,,,,,0.0,2.8,2.8,TE,1.1,0.9,6.2,6.2,6.9,0.1
W. Kacmarek  TE  MIA  Will Kacmarek  TE  MIA,1,,,,,,,,,,,,0.0,2.8,2.8,TE,1.7,1.1,11.3,11.3,10.3,0.1
N. Boerkircher  TE  JAC  Nate Boerkircher  TE  JAC,1,,,,,,,,,,,,0.0,2.6,2.6,TE,1.6,1.0,10.4,10.4,10.4,0.1
L. Schoonmaker  TE  DAL  Luke Schoonmaker  TE  DAL,1,,,,,,,,,,,,0.0,2.4,2.4,TE,1.3,0.9,9.3,9.3,10.3,0.1
H. Rucci  TE  LAC  Hayden Rucci  TE  LAC,1,,,,,,,,,,,,0.0,2.3,2.3,TE,1.3,0.9,8.6,8.6,9.6,0.1
B. Spann-Ford  TE  DAL  Brevyn Spann-Ford  TE  DAL,1,,,,,,,,,,,,0.0,2.2,2.2,TE,1.1,0.8,8.2,8.2,10.3,0.1
J. Endries  TE  CIN  Jack Endries  TE  CIN,1,,,,,,,,,,,,0.0,2.1,2.1,TE,1.1,0.8,7.8,7.8,9.8,0.1
E. All  TE  CIN  Erick All  TE  CIN,1,,,,,,,,,,,,0.0,2.0,2.0,TE,0.9,0.8,6.4,6.4,8.0,0.1
D. Sample  TE  CIN  Drew Sample  TE  CIN,1,,,,,,,,,,,,0.0,2.0,2.0,TE,1.0,0.8,6.4,6.4,8.0,0.1
M. Klare  TE  LAR  Max Klare  TE  LAR,1,,,,,,,,,,,,0.0,2.0,2.0,TE,0.9,0.7,7.3,7.3,10.4,0.1
M. Klein  TE  HOU  Marlin Klein  TE  HOU,1,,,,,,,,,,,,0.0,2.0,2.0,TE,0.9,0.7,7.9,7.9,11.3,0.1
I. Thomas  TE  LV  Ian Thomas  TE  LV,1,,,,,,,,,,,,0.0,1.9,1.9,TE,0.7,0.7,6.2,6.2,8.9,0.1
B. Sinnott  TE  WAS  Ben Sinnott  TE  WAS,1,,,,,,,,,,,,0.0,1.9,1.9,TE,0.8,0.7,6.6,6.6,9.4,0.1
J. Whyle  TE  GB  Josh Whyle  TE  GB,1,,,,,,,,,,,,0.0,1.8,1.8,TE,0.8,0.6,6.2,6.2,10.3,0.1
J. Hawes  TE  BUF  Jackson Hawes  TE  BUF,1,,,,,,,,,,,,0.0,1.8,1.8,TE,0.8,0.6,6.1,6.1,10.2,0.1
B. Whiteheart  TE  CLE  Blake Whiteheart  TE  CLE,1,,,,,,,,,,,,0.0,1.6,1.6,TE,0.8,0.5,5.0,5.0,10.0,0.1
T. Koziol  TE  JAC  Tanner Koziol  TE  JAC,1,,,,,,,,,,,,0.0,1.6,1.6,TE,0.7,0.5,5.8,5.8,11.6,0.1
C. Stover  TE  HOU  Cade Stover  TE  HOU,1,,,,,,,,,,,,0.0,1.5,1.5,TE,1.1,0.8,7.0,7.0,8.8,0.0
N. Vannett  TE  SEA  Nick Vannett  TE  SEA,1,,,,,,,,,,,,0.0,1.5,1.5,TE,0.6,0.5,4.5,4.5,9.0,0.1
P. Durham  TE  TB  Payne Durham  TE  TB,1,,,,,,,,,,,,0.0,1.5,1.5,TE,0.9,0.5,4.7,4.7,9.4,0.1
J. Deguara  TE  NYG  Josiah Deguara  TE  NYG,1,,,,,,,,,,,,0.0,1.4,1.4,TE,0.6,0.5,3.6,3.6,7.2,0.1
C. Manhertz  TE  NYG  Chris Manhertz  TE  NYG,1,,,,,,,,,,,,0.0,1.4,1.4,TE,0.7,0.4,4.7,4.7,11.8,0.1
A. Ogletree  TE  IND  Andrew Ogletree  TE  IND,1,,,,,,,,,,,,0.0,1.3,1.3,TE,0.8,0.4,3.8,3.8,9.5,0.1
S. Roush  TE  CHI  Sam Roush  TE  CHI,1,,,,,,,,,,,,0.0,1.3,1.3,TE,0.8,0.7,6.8,6.8,9.7,0.0
W. Mallory  TE  IND  Will Mallory  TE  IND,1,,,,,,,,,,,,0.0,1.3,1.3,TE,0.8,0.6,7.4,7.4,12.3,0.0
O. Delp  TE  NO  Oscar Delp  TE  NO,1,,,,,,,,,,,,0.0,1.3,1.3,TE,0.9,0.7,6.2,6.2,8.9,0.0
C. Runyon  TE  LV  Carter Runyon  TE  LV,1,,,,,,,,,,,,0.0,1.2,1.2,TE,0.8,0.7,5.2,5.2,7.4,0.0
E. Arroyo  TE  SEA  Elijah Arroyo  TE  SEA,1,,,,,,,,,,,,0.0,1.2,1.2,TE,1.0,0.6,6.5,6.5,10.8,0.0
T. Reiman  TE  ARI  Tip Reiman  TE  ARI,1,,,,,,,,,,,,0.0,1.2,1.2,TE,0.7,0.7,5.5,5.5,7.9,0.0
D. Bentley  TE  DEN  Dallen Bentley  TE  DEN,1,,,,,,,,,,,,0.0,1.1,1.1,TE,0.8,0.6,5.9,5.9,9.8,0.0
B. Sharp  TE  TB  Bauer Sharp  TE  TB,1,,,,,,,,,,,,0.0,1.1,1.1,TE,0.7,0.6,5.9,5.9,9.8,0.0
T. Fidone II  TE  NYG  Thomas Fidone II  TE  NYG,1,,,,,,,,,,,,0.0,1.0,1.0,TE,0.7,0.5,5.9,5.9,11.8,0.0
G. Calcaterra  TE  PHI  Grant Calcaterra  TE  PHI,1,,,,,,,,,,,,0.0,1.0,1.0,TE,0.7,0.5,5.0,5.0,10.0,0.0
P. Herbert  TE  LAC  Patrick Herbert  TE  LAC,1,,,,,,,,,,,,0.0,1.0,1.0,TE,0.7,0.5,5.4,5.4,10.8,0.0
J. Cuevas  TE  BAL  Josh Cuevas  TE  BAL,1,,,,,,,,,,,,0.0,1.0,1.0,TE,0.6,0.5,5.6,5.6,11.2,0.0
E. Jenkins  TE  PHI  E.J. Jenkins  TE  PHI,1,,,,,,,,,,,,0.0,1.0,1.0,TE,0.7,0.5,5.0,5.0,10.0,0.0
S. Traore  TE  MIA  Seydou Traore  TE  MIA,1,,,,,,,,,,,,0.0,1.0,1.0,TE,0.7,0.5,5.5,5.5,11.0,0.0
J. Joly  TE  MIA  Justin Joly  TE  MIA,1,,,,,,,,,,,,0.0,1.0,1.0,TE,0.7,0.5,5.5,5.5,11.0,0.0
K. Granson  TE  TEN  Kylen Granson  TE  TEN,1,,,,,,,,,,,,0.0,0.9,0.9,TE,0.9,0.5,4.6,4.6,9.2,0.0
D. Goedert  TE  PHI  Dallas Goedert  TE  PHI,1,,,,,,,,,,,,0.0,0.7,0.7,TE,0.5,0.4,3.8,3.8,9.5,0.0
E. Stowers  TE  PHI  Eli Stowers  TE  PHI,1,,,,,,,,,,,,0.0,0.7,0.7,TE,0.5,0.4,3.8,3.8,9.5,0.0
J. Mundt  TE  PHI  Johnny Mundt  TE  PHI,1,,,,,,,,,,,,0.0,0.7,0.7,TE,0.6,0.4,3.1,3.1,7.8,0.0
C. Yankoff  TE  WAS  Colson Yankoff  TE  WAS,1,,,,,,,,,,,,0.0,0.7,0.7,TE,0.7,0.4,3.1,3.1,7.8,0.0
K. Kieft  TE  TB  Ko Kieft  TE  TB,1,,,,,,,,,,,,0.0,0.6,0.6,TE,0.4,0.3,3.5,3.5,11.7,0.0
J. Woods  TE  NYJ  Jelani Woods  TE  NYJ,1,,,,,,,,,,,,0.0,0.6,0.6,TE,0.4,0.3,3.5,3.5,11.7,0.0
