name,pos,team,pts_ppr,stats
Brandon Aubrey,K,DAL,9.33,"{""adp_dd_ppr"": 999.0, ""fga"": 2.54, ""fgm"": 2.2, ""fgm_20_29"": 0.38, ""fgm_30_39"": 0.48, ""fgm_40_49"": 0.48, ""fgm_50p"": 0.43, ""fgm_yds"": 74.95, ""fgmiss_30_39"": 0.04, ""fgmiss_40_49"": 0.04, ""fgmiss_50p"": 0.13, ""gp"": 1.0, ""pos_adp_dd_ppr"": 999.0, ""pts_half_ppr"": 9.33, ""pts_ppr"": 9.33, ""pts_std"": 9.33, ""xpa"": 2.94, ""xpm"": 2.8, ""xpmiss"": 0.13}"
Chase McLaughlin,K,TB,7.74,"{""adp_dd_ppr"": 999.0, ""fga"": 2.1, ""fgm"": 1.8, ""fgm_20_29"": 0.29, ""fgm_30_39"": 0.44, ""fgm_40_49"": 0.39, ""fgm_50p"": 0.34, ""fgm_yds"": 61.71, ""fgmiss_30_39"": 0.04, ""fgmiss_40_49"": 0.04, ""fgmiss_50p"": 0.11, ""gp"": 1.0, ""pos_adp_dd_ppr"": 999.0, ""pts_half_ppr"": 7.74, ""pts_ppr"": 7.74, ""pts_std"": 7.74, ""xpa"": 2.52, ""xpm"": 2.4, ""xpmiss"": 0.12}"
Andre Szmyt,K,CLE,6.95,"{""adp_dd_ppr"": 999.0, ""fga"": 1.94, ""fgm"": 1.61, ""fgm_20_29"": 0.28, ""fgm_30_39"": 0.39, ""fgm_40_49"": 0.39, ""fgm_50p"": 0.28, ""fgm_yds"": 56.23, ""fgmiss_30_39"": 0.05, ""fgmiss_40_49"": 0.05, ""fgmiss_50p"": 0.14, ""gp"": 1.0, ""pos_adp_dd_ppr"": 999.0, ""pts_half_ppr"": 6.95, ""pts_ppr"": 6.95, ""pts_std"": 6.95, ""xpa"": 2.13, ""xpm"": 2.06, ""xpmiss"": 0.06}"
Will Reichard,K,MIN,8.83,"{""adp_dd_ppr"": 999.0, ""fga"": 2.33, ""fgm"": 2.06, ""fgm_20_29"": 0.33, ""fgm_30_39"": 0.49, ""fgm_40_49"": 0.49, ""fgm_50p"": 0.38, ""fgm_yds"": 71.51, ""fgmiss_30_39"": 0.04, ""fgmiss_40_49"": 0.04, ""fgmiss_50p"": 0.09, ""gp"": 1.0, ""pos_adp_dd_ppr"": 999.0, ""pts_half_ppr"": 8.83, ""pts_ppr"": 8.83, ""pts_std"": 8.83, ""xpa"": 2.66, ""xpm"": 2.6, ""xpmiss"": 0.07}"
Jake Elliott,K,PHI,6.46,"{""adp_dd_ppr"": 999.0, ""fga"": 1.66, ""fgm"": 1.44, ""fgm_20_29"": 0.28, ""fgm_30_39"": 0.37, ""fgm_40_49"": 0.32, ""fgm_50p"": 0.23, ""fgm_yds"": 50.07, ""fgmiss_30_39"": 0.04, ""fgmiss_40_49"": 0.04, ""fgmiss_50p"": 0.07, ""gp"": 1.0, ""pos_adp_dd_ppr"": 999.0, ""pts_half_ppr"": 6.46, ""pts_ppr"": 6.46, ""pts_std"": 6.46, ""xpa"": 2.27, ""xpm"": 2.16, ""xpmiss"": 0.11}"
Jason Sanders,K,NYJ,6.88,"{""adp_dd_ppr"": 999.0, ""fga"": 1.91, ""fgm"": 1.6, ""fgm_20_29"": 0.35, ""fgm_30_39"": 0.4, ""fgm_40_49"": 0.4, ""fgm_50p"": 0.2, ""fgm_yds"": 55.32, ""fgmiss_30_39"": 0.04, ""fgmiss_40_49"": 0.04, ""fgmiss_50p"": 0.13, ""gp"": 1.0, ""pos_adp_dd_ppr"": 999.0, ""pts_half_ppr"": 6.88, ""pts_ppr"": 6.88, ""pts_std"": 6.88, ""xpa"": 2.15, ""xpm"": 2.09, ""xpmiss"": 0.06}"
Eddy Pineiro,K,SF,7.45,"{""adp_dd_ppr"": 999.0, ""fga"": 1.98, ""fgm"": 1.69, ""fgm_20_29"": 0.29, ""fgm_30_39"": 0.43, ""fgm_40_49"": 0.39, ""fgm_50p"": 0.29, ""fgm_yds"": 58.82, ""fgmiss_30_39"": 0.04, ""fgmiss_40_49"": 0.04, ""fgmiss_50p"": 0.11, ""gp"": 1.0, ""pos_adp_dd_ppr"": 999.0, ""pts_half_ppr"": 7.45, ""pts_ppr"": 7.45, ""pts_std"": 7.45, ""xpa"": 2.51, ""xpm"": 2.39, ""xpmiss"": 0.12}"
Nick Folk,K,ATL,8.2,"{""adp_dd_ppr"": 999.0, ""fga"": 2.11, ""fgm"": 1.84, ""fgm_20_29"": 0.34, ""fgm_30_39"": 0.5, ""fgm_40_49"": 0.45, ""fgm_50p"": 0.28, ""fgm_yds"": 65.21, ""fgmiss_30_39"": 0.04, ""fgmiss_40_49"": 0.04, ""fgmiss_50p"": 0.09, ""gp"": 1.0, ""pos_adp_dd_ppr"": 999.0, ""pts_half_ppr"": 8.2, ""pts_ppr"": 8.2, ""pts_std"": 8.2, ""xpa"": 2.63, ""xpm"": 2.57, ""xpmiss"": 0.07}"
Chad Ryland,K,ARI,7.44,"{""adp_dd_ppr"": 999.0, ""fga"": 2.06, ""fgm"": 1.74, ""fgm_20_29"": 0.33, ""fgm_30_39"": 0.43, ""fgm_40_49"": 0.43, ""fgm_50p"": 0.27, ""fgm_yds"": 61.31, ""fgmiss_30_39"": 0.05, ""fgmiss_40_49"": 0.05, ""fgmiss_50p"": 0.14, ""gp"": 1.0, ""pos_adp_dd_ppr"": 999.0, ""pts_half_ppr"": 7.44, ""pts_ppr"": 7.44, ""pts_std"": 7.44, ""xpa"": 2.32, ""xpm"": 2.19, ""xpmiss"": 0.13}"
Spencer Shrader,K,IND,9.26,"{""adp_dd_ppr"": 999.0, ""fga"": 2.21, ""fgm"": 1.83, ""fgm_20_29"": 0.38, ""fgm_30_39"": 0.5, ""fgm_40_49"": 0.57, ""fgm_50p"": 0.38, ""fgm_yds"": 77.3, ""fgmiss_30_39"": 0.06, ""fgmiss_40_49"": 0.13, ""fgmiss_50p"": 0.19, ""gp"": 1.0, ""pos_adp_dd_ppr"": 999.0, ""pts_half_ppr"": 9.26, ""pts_ppr"": 9.26, ""pts_std"": 9.26, ""xpa"": 2.58, ""xpm"": 2.52, ""xpmiss"": 0.06}"
Trey Smack,K,GB,8.06,"{""adp_dd_ppr"": 999.0, ""fga"": 1.95, ""fgm"": 1.59, ""fgm_20_29"": 0.37, ""fgm_30_39"": 0.49, ""fgm_40_49"": 0.49, ""fgm_50p"": 0.24, ""fgm_yds"": 65.82, ""fgmiss_30_39"": 0.12, ""fgmiss_40_49"": 0.12, ""fgmiss_50p"": 0.12, ""gp"": 1.0, ""pos_adp_dd_ppr"": 999.0, ""pts_half_ppr"": 8.06, ""pts_ppr"": 8.06, ""pts_std"": 8.06, ""xpa"": 2.56, ""xpm"": 2.44, ""xpmiss"": 0.12}"
Chris Boswell,K,PIT,7.94,"{""adp_dd_ppr"": 999.0, ""fga"": 2.23, ""fgm"": 1.92, ""fgm_20_29"": 0.3, ""fgm_30_39"": 0.44, ""fgm_40_49"": 0.39, ""fgm_50p"": 0.39, ""fgm_yds"": 64.96, ""fgmiss_30_39"": 0.04, ""fgmiss_40_49"": 0.04, ""fgmiss_50p"": 0.12, ""gp"": 1.0, ""pos_adp_dd_ppr"": 999.0, ""pts_half_ppr"": 7.94, ""pts_ppr"": 7.94, ""pts_std"": 7.94, ""xpa"": 2.3, ""xpm"": 2.23, ""xpmiss"": 0.06}"
Cairo Santos,K,CHI,7.54,"{""adp_dd_ppr"": 999.0, ""fga"": 2.02, ""fgm"": 1.73, ""fgm_20_29"": 0.3, ""fgm_30_39"": 0.44, ""fgm_40_49"": 0.39, ""fgm_50p"": 0.3, ""fgm_yds"": 60.02, ""fgmiss_30_39"": 0.04, ""fgmiss_40_49"": 0.04, ""fgmiss_50p"": 0.11, ""gp"": 1.0, ""pos_adp_dd_ppr"": 999.0, ""pts_half_ppr"": 7.54, ""pts_ppr"": 7.54, ""pts_std"": 7.54, ""xpa"": 2.5, ""xpm"": 2.38, ""xpmiss"": 0.12}"
Wil Lutz,K,DEN,6.54,"{""adp_dd_ppr"": 999.0, ""fga"": 1.76, ""fgm"": 1.5, ""fgm_20_29"": 0.26, ""fgm_30_39"": 0.39, ""fgm_40_49"": 0.34, ""fgm_50p"": 0.26, ""fgm_yds"": 52.08, ""fgmiss_30_39"": 0.03, ""fgmiss_40_49"": 0.03, ""fgmiss_50p"": 0.1, ""gp"": 1.0, ""pos_adp_dd_ppr"": 999.0, ""pts_half_ppr"": 6.54, ""pts_ppr"": 6.54, ""pts_std"": 6.54, ""xpa"": 2.17, ""xpm"": 2.07, ""xpmiss"": 0.1}"
Riley Patterson,K,MIA,7.07,"{""adp_dd_ppr"": 999.0, ""fga"": 1.82, ""fgm"": 1.52, ""fgm_20_29"": 0.29, ""fgm_30_39"": 0.47, ""fgm_40_49"": 0.41, ""fgm_50p"": 0.29, ""fgm_yds"": 61.3, ""fgmiss_30_39"": 0.05, ""fgmiss_40_49"": 0.05, ""fgmiss_50p"": 0.15, ""gp"": 1.0, ""pos_adp_dd_ppr"": 999.0, ""pts_half_ppr"": 7.07, ""pts_ppr"": 7.07, ""pts_std"": 7.07, ""xpa"": 1.82, ""xpm"": 1.76, ""xpmiss"": 0.06}"
Cam Little,K,JAX,8.6,"{""adp_dd_ppr"": 999.0, ""fga"": 2.33, ""fgm"": 2.01, ""fgm_20_29"": 0.31, ""fgm_30_39"": 0.46, ""fgm_40_49"": 0.41, ""fgm_50p"": 0.41, ""fgm_yds"": 67.73, ""fgmiss_30_39"": 0.04, ""fgmiss_40_49"": 0.04, ""fgmiss_50p"": 0.12, ""gp"": 1.0, ""pos_adp_dd_ppr"": 999.0, ""pts_half_ppr"": 8.6, ""pts_ppr"": 8.6, ""pts_std"": 8.6, ""xpa"": 2.85, ""xpm"": 2.72, ""xpmiss"": 0.13}"
Tyler Loop,K,BAL,7.45,"{""adp_dd_ppr"": 999.0, ""fga"": 1.98, ""fgm"": 1.69, ""fgm_20_29"": 0.29, ""fgm_30_39"": 0.43, ""fgm_40_49"": 0.43, ""fgm_50p"": 0.24, ""fgm_yds"": 58.73, ""fgmiss_30_39"": 0.04, ""fgmiss_40_49"": 0.04, ""fgmiss_50p"": 0.11, ""gp"": 1.0, ""pos_adp_dd_ppr"": 999.0, ""pts_half_ppr"": 7.45, ""pts_ppr"": 7.45, ""pts_std"": 7.45, ""xpa"": 2.56, ""xpm"": 2.45, ""xpmiss"": 0.12}"
Joey Slye,K,TEN,6.31,"{""adp_dd_ppr"": 999.0, ""fga"": 1.77, ""fgm"": 1.48, ""fgm_20_29"": 0.29, ""fgm_30_39"": 0.38, ""fgm_40_49"": 0.33, ""fgm_50p"": 0.24, ""fgm_yds"": 51.56, ""fgmiss_30_39"": 0.04, ""fgmiss_40_49"": 0.04, ""fgmiss_50p"": 0.12, ""gp"": 1.0, ""pos_adp_dd_ppr"": 999.0, ""pts_half_ppr"": 6.31, ""pts_ppr"": 6.31, ""pts_std"": 6.31, ""xpa"": 1.88, ""xpm"": 1.82, ""xpmiss"": 0.06}"
Cameron Dicker,K,LAC,6.95,"{""adp_dd_ppr"": 999.0, ""fga"": 1.86, ""fgm"": 1.61, ""fgm_20_29"": 0.3, ""fgm_30_39"": 0.42, ""fgm_40_49"": 0.38, ""fgm_50p"": 0.25, ""fgm_yds"": 56.4, ""fgmiss_30_39"": 0.03, ""fgmiss_40_49"": 0.03, ""fgmiss_50p"": 0.09, ""gp"": 1.0, ""pos_adp_dd_ppr"": 999.0, ""pts_half_ppr"": 6.95, ""pts_ppr"": 6.95, ""pts_std"": 6.95, ""xpa"": 2.21, ""xpm"": 2.11, ""xpmiss"": 0.1}"
Jake Bates,K,DET,8.35,"{""adp_dd_ppr"": 999.0, ""fga"": 2.16, ""fgm"": 1.84, ""fgm_20_29"": 0.32, ""fgm_30_39"": 0.47, ""fgm_40_49"": 0.42, ""fgm_50p"": 0.32, ""fgm_yds"": 63.95, ""fgmiss_30_39"": 0.04, ""fgmiss_40_49"": 0.04, ""fgmiss_50p"": 0.12, ""gp"": 1.0, ""pos_adp_dd_ppr"": 999.0, ""pts_half_ppr"": 8.35, ""pts_ppr"": 8.35, ""pts_std"": 8.35, ""xpa"": 2.98, ""xpm"": 2.85, ""xpmiss"": 0.13}"
Dominic Zvada,K,NYG,7.33,"{""adp_dd_ppr"": 999.0, ""fga"": 1.9, ""fgm"": 1.53, ""fgm_20_29"": 0.35, ""fgm_30_39"": 0.47, ""fgm_40_49"": 0.41, ""fgm_50p"": 0.24, ""fgm_yds"": 60.65, ""fgmiss_30_39"": 0.06, ""fgmiss_40_49"": 0.06, ""fgmiss_50p"": 0.18, ""gp"": 1.0, ""pos_adp_dd_ppr"": 999.0, ""pts_half_ppr"": 7.33, ""pts_ppr"": 7.33, ""pts_std"": 7.33, ""xpa"": 2.15, ""xpm"": 2.08, ""xpmiss"": 0.06}"
Drew Stevens,K,WAS,7.7,"{""adp_dd_ppr"": 999.0, ""fga"": 1.93, ""fgm"": 1.57, ""fgm_20_29"": 0.35, ""fgm_30_39"": 0.46, ""fgm_40_49"": 0.46, ""fgm_50p"": 0.23, ""fgm_yds"": 62.66, ""fgmiss_50p"": 0.18, ""gp"": 1.0, ""pos_adp_dd_ppr"": 999.0, ""pts_half_ppr"": 7.7, ""pts_ppr"": 7.7, ""pts_std"": 7.7, ""xpa"": 2.47, ""xpm"": 2.35, ""xpmiss"": 0.12}"
Jason Myers,K,SEA,8.6,"{""adp_dd_ppr"": 999.0, ""fga"": 2.33, ""fgm"": 2.01, ""fgm_20_29"": 0.37, ""fgm_30_39"": 0.48, ""fgm_40_49"": 0.48, ""fgm_50p"": 0.32, ""fgm_yds"": 68.35, ""fgmiss_30_39"": 0.04, ""fgmiss_40_49"": 0.04, ""fgmiss_50p"": 0.12, ""gp"": 1.0, ""pos_adp_dd_ppr"": 999.0, ""pts_half_ppr"": 8.6, ""pts_ppr"": 8.6, ""pts_std"": 8.6, ""xpa"": 2.85, ""xpm"": 2.72, ""xpmiss"": 0.13}"
Matt Gay,K,LV,7.83,"{""adp_dd_ppr"": 999.0, ""fga"": 2.03, ""fgm"": 1.71, ""fgm_20_29"": 0.41, ""fgm_30_39"": 0.55, ""fgm_40_49"": 0.62, ""fgm_50p"": 0.07, ""fgm_yds"": 66.81, ""fgmiss_50p"": 0.16, ""gp"": 1.0, ""pos_adp_dd_ppr"": 999.0, ""pts_half_ppr"": 7.83, ""pts_ppr"": 7.83, ""pts_std"": 7.83, ""xpa"": 2.41, ""xpm"": 2.28, ""xpmiss"": 0.13}"
Andy Borregales,K,NE,6.85,"{""adp_dd_ppr"": 999.0, ""fga"": 1.92, ""fgm"": 1.58, ""fgm_0_19"": 0.05, ""fgm_20_29"": 0.24, ""fgm_30_39"": 0.43, ""fgm_40_49"": 0.38, ""fgm_50p"": 0.19, ""fgm_yds"": 52.11, ""fgmiss_30_39"": 0.04, ""fgmiss_40_49"": 0.08, ""fgmiss_50p"": 0.11, ""gp"": 1.0, ""pos_adp_dd_ppr"": 999.0, ""pts_half_ppr"": 6.85, ""pts_ppr"": 6.85, ""pts_std"": 6.85, ""xpa"": 2.43, ""xpm"": 2.31, ""xpmiss"": 0.11}"
Evan McPherson,K,CIN,8.4,"{""adp_dd_ppr"": 999.0, ""fga"": 2.3, ""fgm"": 1.91, ""fgm_20_29"": 0.33, ""fgm_30_39"": 0.49, ""fgm_40_49"": 0.49, ""fgm_50p"": 0.27, ""fgm_yds"": 66.21, ""fgmiss_30_39"": 0.05, ""fgmiss_40_49"": 0.05, ""fgmiss_50p"": 0.15, ""gp"": 1.0, ""pos_adp_dd_ppr"": 999.0, ""pts_half_ppr"": 8.4, ""pts_ppr"": 8.4, ""pts_std"": 8.4, ""xpa"": 2.89, ""xpm"": 2.76, ""xpmiss"": 0.13}"
Ka'imi Fairbairn,K,HOU,8.72,"{""adp_dd_ppr"": 999.0, ""fga"": 2.38, ""fgm"": 2.06, ""fgm_20_29"": 0.36, ""fgm_30_39"": 0.46, ""fgm_40_49"": 0.52, ""fgm_50p"": 0.36, ""fgm_yds"": 71.88, ""fgmiss_30_39"": 0.04, ""fgmiss_40_49"": 0.04, ""fgmiss_50p"": 0.12, ""gp"": 1.0, ""pos_adp_dd_ppr"": 999.0, ""pts_half_ppr"": 8.72, ""pts_ppr"": 8.72, ""pts_std"": 8.72, ""xpa"": 2.5, ""xpm"": 2.44, ""xpmiss"": 0.06}"
Daniel Carlson,K,NO,7.81,"{""adp_dd_ppr"": 999.0, ""fga"": 2.08, ""fgm"": 1.78, ""fgm_20_29"": 0.25, ""fgm_30_39"": 0.46, ""fgm_40_49"": 0.46, ""fgm_50p"": 0.3, ""fgm_yds"": 62.79, ""fgmiss_30_39"": 0.04, ""fgmiss_40_49"": 0.08, ""fgmiss_50p"": 0.08, ""gp"": 1.0, ""pos_adp_dd_ppr"": 999.0, ""pts_half_ppr"": 7.81, ""pts_ppr"": 7.81, ""pts_std"": 7.81, ""xpa"": 2.45, ""xpm"": 2.39, ""xpmiss"": 0.06}"
Harrison Mevis,K,LAR,7.97,"{""adp_dd_ppr"": 999.0, ""fga"": 2.06, ""fgm"": 1.76, ""fgm_20_29"": 0.34, ""fgm_30_39"": 0.44, ""fgm_40_49"": 0.39, ""fgm_50p"": 0.29, ""fgm_yds"": 60.98, ""fgmiss_30_39"": 0.04, ""fgmiss_40_49"": 0.04, ""fgmiss_50p"": 0.11, ""gp"": 1.0, ""pos_adp_dd_ppr"": 999.0, ""pts_half_ppr"": 7.97, ""pts_ppr"": 7.97, ""pts_std"": 7.97, ""xpa"": 2.82, ""xpm"": 2.7, ""xpmiss"": 0.12}"
Tyler Bass,K,BUF,7.25,"{""adp_dd_ppr"": 999.0, ""fga"": 1.89, ""fgm"": 1.6, ""fgm_20_29"": 0.28, ""fgm_30_39"": 0.38, ""fgm_40_49"": 0.38, ""fgm_50p"": 0.28, ""fgm_yds"": 55.53, ""fgmiss_30_39"": 0.04, ""fgmiss_40_49"": 0.04, ""fgmiss_50p"": 0.11, ""gp"": 1.0, ""pos_adp_dd_ppr"": 999.0, ""pts_half_ppr"": 7.25, ""pts_ppr"": 7.25, ""pts_std"": 7.25, ""xpa"": 2.58, ""xpm"": 2.46, ""xpmiss"": 0.11}"
Phillip Andersen,K,,,"{""adp_dd_ppr"": 1000.0}"
Alex McNulty,K,,,"{""adp_dd_ppr"": 1000.0}"
Will Ferrin,K,,,"{""adp_dd_ppr"": 1000.0}"
Tanner Brown,K,,,"{""adp_dd_ppr"": 1000.0}"
Cole Hedlund,K,,,"{""adp_dd_ppr"": 1000.0}"
Greg Zuerlein,K,,,"{""adp_dd_ppr"": 1000.0}"
Anders Carlson,K,,,"{""adp_dd_ppr"": 1000.0}"
Harrison Butker,K,KC,,"{""adp_dd_ppr"": 1000.0}"
Justin Manton,K,,,"{""adp_dd_ppr"": 1000.0}"
Younghoe Koo,K,,,"{""adp_dd_ppr"": 1000.0}"
Andy Phillips,K,,,"{""adp_dd_ppr"": 1000.0}"
Ryan Fitzgerald,K,CAR,,"{""adp_dd_ppr"": 1000.0}"
Cole Murphy,K,,,"{""adp_dd_ppr"": 1000.0}"
Alex Kessman,K,CAR,,"{""adp_dd_ppr"": 1000.0}"
Sergio Castillo,K,,,"{""adp_dd_ppr"": 1000.0}"
Ramiz Ahmed,K,,,"{""adp_dd_ppr"": 1000.0}"
Dustin Hopkins,K,,,"{""adp_dd_ppr"": 1000.0}"
Valentino Ambrosio,K,,,"{""adp_dd_ppr"": 1000.0}"
Mark McNamee,K,,,"{""adp_dd_ppr"": 1000.0}"
Alex Hale,K,,,"{""adp_dd_ppr"": 1000.0}"
Chris Freeman,K,,,"{""adp_dd_ppr"": 1000.0}"
John Baron,K,,,"{""adp_dd_ppr"": 1000.0}"
Jake Moody,K,,,"{""adp_dd_ppr"": 1000.0}"
Camden Lewis,K,,,"{""adp_dd_ppr"": 1000.0}"
Tucker McCann,K,,,"{""adp_dd_ppr"": 1000.0}"
Robbie Gould,K,,,"{""adp_dd_ppr"": 1000.0}"
Caleb Shudak,K,,,"{""adp_dd_ppr"": 1000.0}"
Nick Sciba,K,,,"{""adp_dd_ppr"": 1000.0}"
Mason Crosby,K,,,"{""adp_dd_ppr"": 1000.0}"
Stephen Hauschka,K,,,"{""adp_dd_ppr"": 1000.0}"
Jude McAtamney,K,,,"{""adp_dd_ppr"": 1000.0}"
Lucas Havrisik,K,,,"{""adp_dd_ppr"": 1000.0}"
Gabe Brkic,K,,,"{""adp_dd_ppr"": 1000.0}"
Randy Bullock,K,,,"{""adp_dd_ppr"": 1000.0}"
Ryan Coe,K,,,"{""adp_dd_ppr"": 1000.0}"
Jack Podlesny,K,,,"{""adp_dd_ppr"": 1000.0}"
Mike Nugent,K,,,"{""adp_dd_ppr"": 1000.0}"
Trey Wolff,K,,,"{""adp_dd_ppr"": 1000.0}"
Sam Ficken,K,,,"{""adp_dd_ppr"": 1000.0}"
Zane Gonzalez,K,,,"{""adp_dd_ppr"": 1000.0}"
Christopher Dunn,K,,,"{""adp_dd_ppr"": 1000.0}"
Alex Quevedo,K,,,"{""adp_dd_ppr"": 1000.0}"
Ty Long,K,,,"{""adp_dd_ppr"": 1000.0}"
Justin Rohrwasser,K,,,"{""adp_dd_ppr"": 1000.0}"
Lirim Hajrullahu,K,,,"{""adp_dd_ppr"": 1000.0}"
Jonathan Garibay,K,,,"{""adp_dd_ppr"": 1000.0}"
Cody Parkey,K,,,"{""adp_dd_ppr"": 1000.0}"
Matt McCrane,K,,,"{""adp_dd_ppr"": 1000.0}"
David Marvin,K,,,"{""adp_dd_ppr"": 1000.0}"
Caden Davis,K,,,"{""adp_dd_ppr"": 1000.0}"
Cade York,K,,,"{""adp_dd_ppr"": 1000.0}"
Marshall Morgan,K,,,"{""adp_dd_ppr"": 1000.0}"
Matthew Trickett,K,,,"{""adp_dd_ppr"": 1000.0}"
Matt Prater,K,,,"{""adp_dd_ppr"": 1000.0}"
Austin Seibert,K,,,"{""adp_dd_ppr"": 1000.0}"
Brayden Narveson,K,,,"{""adp_dd_ppr"": 1000.0}"
Jake Verity,K,,,"{""adp_dd_ppr"": 1000.0}"
Matt Bryant,K,,,"{""adp_dd_ppr"": 1000.0}"
Vincent Blanchard,K,,,"{""adp_dd_ppr"": 1000.0}"
Matthew Wright,K,,,"{""adp_dd_ppr"": 1000.0}"
John Hoyland,K,,,"{""adp_dd_ppr"": 1000.0}"
Lenny Krieg,K,GB,,"{""adp_dd_ppr"": 1000.0}"
Maddux Trujillo,K,,,"{""adp_dd_ppr"": 1000.0}"
Noah Rauschenberg,K,,,"{""adp_dd_ppr"": 1000.0}"
Mike Meyer,K,,,"{""adp_dd_ppr"": 1000.0}"
Quinn Nordin,K,,,"{""adp_dd_ppr"": 1000.0}"
Justin Tucker,K,,,"{""adp_dd_ppr"": 1000.0}"
Charlie Smyth,K,NO,,"{""adp_dd_ppr"": 1000.0}"
Nick Vogel,K,,,"{""adp_dd_ppr"": 1000.0}"
Brian Johnson,K,,,"{""adp_dd_ppr"": 1000.0}"
Clayton Hatfield,K,,,"{""adp_dd_ppr"": 1000.0}"
Taylor Bertolet,K,,,"{""adp_dd_ppr"": 1000.0}"
Greg Joseph,K,,,"{""adp_dd_ppr"": 1000.0}"
Redford Jones,K,,,"{""adp_dd_ppr"": 1000.0}"
Blake Grupe,K,NYJ,,"{""adp_dd_ppr"": 1000.0}"
Kansei Matsuzawa,K,LV,,"{""adp_dd_ppr"": 1000.0}"
Colton Theaker,K,,,"{""adp_dd_ppr"": 1000.0}"
Chris Blewitt,K,,,"{""adp_dd_ppr"": 1000.0}"
Brandon Wright,K,,,"{""adp_dd_ppr"": 1000.0}"
Kai Forbath,K,,,"{""adp_dd_ppr"": 1000.0}"
Austin MacGinnis,K,,,"{""adp_dd_ppr"": 1000.0}"
Ryan Santoso,K,,,"{""adp_dd_ppr"": 1000.0}"
Gabriel Plascencia,K,,,"{""adp_dd_ppr"": 1000.0}"
JJ Molson,K,,,"{""adp_dd_ppr"": 1000.0}"
Matt Wile,K,,,"{""adp_dd_ppr"": 1000.0}"
Jose Borregales,K,,,"{""adp_dd_ppr"": 1000.0}"
Parker White,K,,,"{""adp_dd_ppr"": 1000.0}"
Adam Vinatieri,K,,,"{""adp_dd_ppr"": 1000.0}"
Mason Shipley,K,,,"{""adp_dd_ppr"": 1000.0}"
Chris Naggar,K,,,"{""adp_dd_ppr"": 1000.0}"
Ben Sauls,K,,,"{""adp_dd_ppr"": 1000.0}"
Taylor Russolino,K,,,"{""adp_dd_ppr"": 1000.0}"
Ryan Succop,K,,,"{""adp_dd_ppr"": 1000.0}"
Jonathan Kim,K,,,"{""adp_dd_ppr"": 1000.0}"
Dominik Eberle,K,,,"{""adp_dd_ppr"": 1000.0}"
Luke Drzewiecki,K,,,"{""adp_dd_ppr"": 1000.0}"
Jon Brown,K,,,"{""adp_dd_ppr"": 1000.0}"
Paul Geelen,K,,,"{""adp_dd_ppr"": 1000.0}"
Andrew Mevis,K,,,"{""adp_dd_ppr"": 1000.0}"
Parker Romo,K,,,"{""adp_dd_ppr"": 1000.0}"
Joshua Karty,K,,,"{""adp_dd_ppr"": 1000.0}"
Tristan Vizcaino,K,,,"{""adp_dd_ppr"": 1000.0}"
James Turner,K,,,"{""adp_dd_ppr"": 1000.0}"
John Lunsford,K,,,"{""adp_dd_ppr"": 1000.0}"
Josh Lambo,K,,,"{""adp_dd_ppr"": 1000.0}"
Blake Haubeil,K,,,"{""adp_dd_ppr"": 1000.0}"
Graham Gano,K,,,"{""adp_dd_ppr"": 1000.0}"
Aldrick Rosas,K,,,"{""adp_dd_ppr"": 1000.0}"
Ethan Sanchez,K,,,"{""adp_dd_ppr"": 1000.0}"
Ross Martin,K,,,"{""adp_dd_ppr"": 1000.0}"
Michael Badgley,K,,,"{""adp_dd_ppr"": 1000.0}"
Michael Palardy,K,,,"{""adp_dd_ppr"": 1000.0}"
James McCourt,K,,,"{""adp_dd_ppr"": 1000.0}"
Stephen Gostkowski,K,,,"{""adp_dd_ppr"": 1000.0}"
Trevor Moore,K,,,"{""adp_dd_ppr"": 1000.0}"
Devon Bell,K,,,"{""adp_dd_ppr"": 1000.0}"
Brett Maher,K,,,"{""adp_dd_ppr"": 1000.0}"
Brandon McManus,K,,,"{""adp_dd_ppr"": 1000.0}"
Corey Acosta,K,,,"{""adp_dd_ppr"": 1000.0}"
B.T. Potter,K,,,"{""adp_dd_ppr"": 1000.0}"
Dan Bailey,K,,,"{""adp_dd_ppr"": 1000.0}"
Elliott Fry,K,,,"{""adp_dd_ppr"": 1000.0}"
Matt Ammendola,K,,,"{""adp_dd_ppr"": 1000.0}"
Laith Marjan,K,,,"{""adp_dd_ppr"": 1000.0}"
Kaare Vedvik,K,,,"{""adp_dd_ppr"": 1000.0}"
Rodrigo Blankenship,K,,,"{""adp_dd_ppr"": 1000.0}"
Sam Sloman,K,,,"{""adp_dd_ppr"": 1000.0}"
Dallas Cowboys,DEF,DAL,8.69,"{""adp_dd_ppr"": 999.0, ""blk_kick"": 0.07, ""def_kr_td"": 0.07, ""def_kr_yd"": 135.37, ""def_pr_td"": 0.07, ""def_pr_yd"": 153.18, ""def_td"": 0.07, ""ff"": 0.71, ""fum_rec"": 0.64, ""gp"": 1.0, ""int"": 0.85, ""pass_int_td"": 0.07, ""pos_adp_dd_ppr"": 999.0, ""pr_yd"": 17.81, ""pts_allow"": 20.0, ""pts_allow_14_20"": 1.0, ""pts_half_ppr"": 8.69, ""pts_ppr"": 8.69, ""pts_std"": 8.69, ""sack"": 2.99, ""st_td"": 0.07, ""tkl_loss"": 4.84, ""yds_allow"": 342.65, ""yds_allow_300_349"": 1.0}"
Tampa Bay Buccaneers,DEF,TB,4.24,"{""adp_dd_ppr"": 999.0, ""blk_kick"": 0.05, ""def_fum_td"": 0.05, ""def_kr_yd"": 85.65, ""def_pr_yd"": 98.75, ""def_td"": 0.1, ""ff"": 0.55, ""fum_rec"": 0.4, ""gp"": 1.0, ""int"": 0.55, ""pass_int_td"": 0.05, ""pos_adp_dd_ppr"": 999.0, ""pr_yd"": 13.1, ""pts_allow"": 28.5, ""pts_allow_28_34"": 1.0, ""pts_half_ppr"": 4.24, ""pts_ppr"": 4.24, ""pts_std"": 4.24, ""sack"": 2.07, ""tkl_loss"": 3.68, ""yds_allow"": 392.93, ""yds_allow_350_399"": 1.0}"
Atlanta Falcons,DEF,ATL,7.89,"{""adp_dd_ppr"": 999.0, ""blk_kick"": 0.06, ""def_fum_td"": 0.06, ""def_kr_yd"": 109.42, ""def_pr_yd"": 126.16, ""def_td"": 0.13, ""ff"": 0.77, ""fum_rec"": 0.58, ""gp"": 1.0, ""int"": 0.71, ""pass_int_td"": 0.06, ""pos_adp_dd_ppr"": 999.0, ""pr_yd"": 16.74, ""pts_allow"": 20.0, ""pts_allow_14_20"": 1.0, ""pts_half_ppr"": 7.89, ""pts_ppr"": 7.89, ""pts_std"": 7.89, ""sack"": 2.64, ""tkl_loss"": 4.89, ""yds_allow"": 313.22, ""yds_allow_300_349"": 1.0}"
Cincinnati Bengals,DEF,CIN,8.78,"{""adp_dd_ppr"": 999.0, ""blk_kick"": 0.08, ""def_kr_yd"": 151.43, ""def_pr_yd"": 171.9, ""def_td"": 0.08, ""ff"": 0.82, ""fum_rec"": 0.65, ""gp"": 1.0, ""int"": 0.9, ""pass_int_td"": 0.08, ""pos_adp_dd_ppr"": 999.0, ""pr_yd"": 20.46, ""pts_allow"": 18.0, ""pts_allow_14_20"": 1.0, ""pts_half_ppr"": 8.78, ""pts_ppr"": 8.78, ""pts_std"": 8.78, ""sack"": 3.19, ""tkl_loss"": 5.89, ""yds_allow"": 334.99, ""yds_allow_300_349"": 1.0}"
Detroit Lions,DEF,DET,6.42,"{""adp_dd_ppr"": 999.0, ""blk_kick"": 0.05, ""def_fum_td"": 0.05, ""def_kr_td"": 0.05, ""def_kr_yd"": 90.2, ""def_pr_td"": 0.05, ""def_pr_yd"": 103.99, ""def_td"": 0.11, ""ff"": 0.58, ""fum_rec"": 0.58, ""gp"": 1.0, ""int"": 0.69, ""pass_int_td"": 0.05, ""pos_adp_dd_ppr"": 999.0, ""pr_yd"": 13.79, ""pts_allow"": 24.5, ""pts_allow_21_27"": 1.0, ""pts_half_ppr"": 6.42, ""pts_ppr"": 6.42, ""pts_std"": 6.42, ""sack"": 2.23, ""st_td"": 0.05, ""tkl_loss"": 3.98, ""yds_allow"": 334.78, ""yds_allow_300_349"": 1.0}"
Los Angeles Chargers,DEF,LAC,5.49,"{""adp_dd_ppr"": 999.0, ""blk_kick"": 0.05, ""def_fum_td"": 0.05, ""def_kr_yd"": 89.29, ""def_pr_yd"": 103.9, ""def_td"": 0.11, ""ff"": 0.11, ""fum_rec"": 0.49, ""gp"": 1.0, ""int"": 0.66, ""pass_int_td"": 0.05, ""pos_adp_dd_ppr"": 999.0, ""pr_yd"": 14.62, ""pts_allow"": 22.5, ""pts_allow_21_27"": 1.0, ""pts_half_ppr"": 5.49, ""pts_ppr"": 5.49, ""pts_std"": 5.49, ""sack"": 2.31, ""tkl_loss"": 4.29, ""yds_allow"": 338.19, ""yds_allow_300_349"": 1.0}"
New York Giants,DEF,NYG,6.05,"{""adp_dd_ppr"": 999.0, ""blk_kick"": 0.06, ""def_fum_td"": 0.06, ""def_kr_yd"": 98.08, ""def_pr_yd"": 112.09, ""def_td"": 0.11, ""ff"": 0.56, ""fum_rec"": 0.5, ""gp"": 1.0, ""int"": 0.67, ""pass_int_td"": 0.06, ""pos_adp_dd_ppr"": 999.0, ""pr_yd"": 14.01, ""pts_allow"": 22.5, ""pts_allow_21_27"": 1.0, ""pts_half_ppr"": 6.05, ""pts_ppr"": 6.05, ""pts_std"": 6.05, ""sack"": 2.35, ""tkl_loss"": 4.04, ""yds_allow"": 316.24, ""yds_allow_300_349"": 1.0}"
Las Vegas Raiders,DEF,LV,4.54,"{""adp_dd_ppr"": 999.0, ""blk_kick"": 0.06, ""def_kr_yd"": 102.16, ""def_pr_yd"": 116.35, ""def_td"": 0.06, ""ff"": 0.51, ""fum_rec"": 0.4, ""gp"": 1.0, ""int"": 0.45, ""pass_int_td"": 0.06, ""pos_adp_dd_ppr"": 999.0, ""pr_yd"": 14.19, ""pts_allow"": 24.25, ""pts_allow_21_27"": 1.0, ""pts_half_ppr"": 4.54, ""pts_ppr"": 4.54, ""pts_std"": 4.54, ""sack"": 1.87, ""tkl_loss"": 3.69, ""yds_allow"": 364.27, ""yds_allow_350_399"": 1.0}"
Miami Dolphins,DEF,MIA,4.36,"{""adp_dd_ppr"": 999.0, ""blk_kick"": 0.06, ""def_kr_yd"": 101.89, ""def_pr_yd"": 116.04, ""def_td"": 0.06, ""ff"": 0.51, ""fum_rec"": 0.34, ""gp"": 1.0, ""int"": 0.4, ""pass_int_td"": 0.06, ""pos_adp_dd_ppr"": 999.0, ""pr_yd"": 14.15, ""pts_allow"": 24.5, ""pts_allow_21_27"": 1.0, ""pts_half_ppr"": 4.36, ""pts_ppr"": 4.36, ""pts_std"": 4.36, ""sack"": 1.92, ""tkl_loss"": 3.68, ""yds_allow"": 378.33, ""yds_allow_350_399"": 1.0}"
Baltimore Ravens,DEF,BAL,6.26,"{""adp_dd_ppr"": 999.0, ""blk_kick"": 0.05, ""def_fum_td"": 0.05, ""def_kr_yd"": 76.36, ""def_pr_yd"": 90.15, ""def_td"": 0.15, ""ff"": 0.69, ""fum_rec"": 0.49, ""gp"": 1.0, ""int"": 0.69, ""pass_int_td"": 0.1, ""pos_adp_dd_ppr"": 999.0, ""pr_yd"": 13.79, ""pts_allow"": 23.5, ""pts_allow_21_27"": 1.0, ""pts_half_ppr"": 6.26, ""pts_ppr"": 6.26, ""pts_std"": 6.26, ""sack"": 2.22, ""tkl_loss"": 4.19, ""yds_allow"": 355.6, ""yds_allow_350_399"": 1.0}"
Cleveland Browns,DEF,CLE,8.1,"{""adp_dd_ppr"": 999.0, ""blk_kick"": 0.07, ""def_fum_td"": 0.07, ""def_kr_yd"": 120.21, ""def_pr_yd"": 139.3, ""def_td"": 0.14, ""ff"": 0.93, ""fum_rec"": 0.57, ""gp"": 1.0, ""int"": 0.72, ""pass_int_td"": 0.07, ""pos_adp_dd_ppr"": 999.0, ""pr_yd"": 19.09, ""pts_allow"": 20.75, ""pts_allow_14_20"": 1.0, ""pts_half_ppr"": 8.1, ""pts_ppr"": 8.1, ""pts_std"": 8.1, ""sack"": 2.58, ""tkl_loss"": 5.88, ""yds_allow"": 312.61, ""yds_allow_300_349"": 1.0}"
New England Patriots,DEF,NE,7.89,"{""adp_dd_ppr"": 999.0, ""blk_kick"": 0.06, ""def_fum_td"": 0.06, ""def_kr_yd"": 84.71, ""def_pr_td"": 0.06, ""def_pr_yd"": 100.26, ""def_td"": 0.11, ""ff"": 0.78, ""fum_rec"": 0.56, ""gp"": 1.0, ""int"": 0.72, ""pass_int_td"": 0.06, ""pos_adp_dd_ppr"": 999.0, ""pr_td"": 0.06, ""pr_yd"": 15.55, ""pts_allow"": 20.75, ""pts_allow_14_20"": 1.0, ""pts_half_ppr"": 7.89, ""pts_ppr"": 7.89, ""pts_std"": 7.89, ""sack"": 2.44, ""st_td"": 0.06, ""tkl_loss"": 4.67, ""yds_allow"": 309.43, ""yds_allow_300_349"": 1.0}"
New Orleans Saints,DEF,NO,6.77,"{""adp_dd_ppr"": 999.0, ""blk_kick"": 0.07, ""def_kr_td"": 0.07, ""def_kr_yd"": 123.71, ""def_pr_td"": 0.07, ""def_pr_yd"": 141.91, ""ff"": 0.73, ""fum_rec"": 0.58, ""gp"": 1.0, ""int"": 0.73, ""pos_adp_dd_ppr"": 999.0, ""pr_yd"": 18.19, ""pts_allow"": 22.0, ""pts_allow_21_27"": 1.0, ""pts_half_ppr"": 6.77, ""pts_ppr"": 6.77, ""pts_std"": 6.77, ""sack"": 2.84, ""st_td"": 0.07, ""tkl_loss"": 4.73, ""yds_allow"": 292.52, ""yds_allow_200_299"": 1.0}"
Washington Commanders,DEF,WAS,7.69,"{""adp_dd_ppr"": 999.0, ""blk_kick"": 0.07, ""def_kr_yd"": 137.6, ""def_pr_yd"": 156.19, ""def_td"": 0.07, ""ff"": 0.67, ""fum_rec"": 0.52, ""gp"": 1.0, ""int"": 0.74, ""pass_int_td"": 0.07, ""pos_adp_dd_ppr"": 999.0, ""pr_yd"": 18.59, ""pts_allow"": 19.0, ""pts_allow_14_20"": 1.0, ""pts_half_ppr"": 7.69, ""pts_ppr"": 7.69, ""pts_std"": 7.69, ""sack"": 2.9, ""tkl_loss"": 5.21, ""yds_allow"": 327.51, ""yds_allow_300_349"": 1.0}"
Chicago Bears,DEF,CHI,6.89,"{""adp_dd_ppr"": 999.0, ""blk_kick"": 0.06, ""def_fum_td"": 0.06, ""def_kr_yd"": 104.24, ""def_pr_yd"": 121.3, ""def_td"": 0.13, ""ff"": 0.76, ""fum_rec"": 0.57, ""gp"": 1.0, ""int"": 0.76, ""pass_int_td"": 0.06, ""pos_adp_dd_ppr"": 999.0, ""pr_yd"": 17.06, ""pts_allow"": 22.0, ""pts_allow_21_27"": 1.0, ""pts_half_ppr"": 6.89, ""pts_ppr"": 6.89, ""pts_std"": 6.89, ""sack"": 2.59, ""tkl_loss"": 4.99, ""yds_allow"": 373.64, ""yds_allow_350_399"": 1.0}"
New York Jets,DEF,NYJ,8.08,"{""adp_dd_ppr"": 999.0, ""blk_kick"": 0.09, ""def_kr_yd"": 161.41, ""def_pr_yd"": 183.83, ""def_td"": 0.09, ""ff"": 0.81, ""fum_rec"": 0.63, ""gp"": 1.0, ""int"": 0.63, ""pass_int_td"": 0.09, ""pos_adp_dd_ppr"": 999.0, ""pr_yd"": 22.42, ""pts_allow"": 19.25, ""pts_allow_14_20"": 1.0, ""pts_half_ppr"": 8.08, ""pts_ppr"": 8.08, ""pts_std"": 8.08, ""sack"": 3.05, ""tkl_loss"": 5.83, ""yds_allow"": 307.08, ""yds_allow_300_349"": 1.0}"
Pittsburgh Steelers,DEF,PIT,6.88,"{""adp_dd_ppr"": 999.0, ""blk_kick"": 0.06, ""def_fum_td"": 0.06, ""def_kr_yd"": 101.29, ""def_pr_yd"": 117.25, ""def_td"": 0.12, ""ff"": 0.74, ""fum_rec"": 0.55, ""gp"": 1.0, ""int"": 0.8, ""pass_int_td"": 0.06, ""pos_adp_dd_ppr"": 999.0, ""pr_yd"": 15.96, ""pts_allow"": 21.0, ""pts_allow_21_27"": 1.0, ""pts_half_ppr"": 6.88, ""pts_ppr"": 6.88, ""pts_std"": 6.88, ""sack"": 2.58, ""tkl_loss"": 4.73, ""yds_allow"": 310.91, ""yds_allow_300_349"": 1.0}"
Arizona Cardinals,DEF,ARI,3.91,"{""adp_dd_ppr"": 999.0, ""blk_kick"": 0.06, ""def_kr_yd"": 109.14, ""def_pr_yd"": 124.3, ""def_td"": 0.06, ""ff"": 0.55, ""fum_rec"": 0.42, ""gp"": 1.0, ""int"": 0.49, ""pass_int_td"": 0.06, ""pos_adp_dd_ppr"": 999.0, ""pr_yd"": 15.16, ""pts_allow"": 30.0, ""pts_allow_28_34"": 1.0, ""pts_half_ppr"": 3.91, ""pts_ppr"": 3.91, ""pts_std"": 3.91, ""sack"": 2.06, ""tkl_loss"": 3.94, ""yds_allow"": 411.64, ""yds_allow_400_449"": 1.0}"
Denver Broncos,DEF,DEN,8.27,"{""adp_dd_ppr"": 999.0, ""blk_kick"": 0.05, ""def_fum_td"": 0.11, ""def_kr_yd"": 79.47, ""def_pr_yd"": 95.64, ""def_td"": 0.22, ""ff"": 0.81, ""fum_rec"": 0.48, ""gp"": 1.0, ""int"": 0.75, ""pass_int_td"": 0.11, ""pos_adp_dd_ppr"": 999.0, ""pr_yd"": 16.16, ""pts_allow"": 19.0, ""pts_allow_14_20"": 1.0, ""pts_half_ppr"": 8.27, ""pts_ppr"": 8.27, ""pts_std"": 8.27, ""sack"": 2.59, ""tkl_loss"": 4.8, ""yds_allow"": 325.54, ""yds_allow_300_349"": 1.0}"
Houston Texans,DEF,HOU,9.44,"{""adp_dd_ppr"": 999.0, ""blk_kick"": 0.06, ""def_fum_td"": 0.11, ""def_kr_yd"": 81.03, ""def_pr_td"": 0.06, ""def_pr_yd"": 97.79, ""def_td"": 0.22, ""ff"": 0.84, ""fum_rec"": 0.61, ""gp"": 1.0, ""int"": 0.89, ""pass_int_td"": 0.11, ""pos_adp_dd_ppr"": 999.0, ""pr_td"": 0.06, ""pr_yd"": 16.76, ""pts_allow"": 15.25, ""pts_allow_14_20"": 1.0, ""pts_half_ppr"": 9.44, ""pts_ppr"": 9.44, ""pts_std"": 9.44, ""sack"": 2.68, ""safe"": 0.06, ""st_td"": 0.06, ""tkl_loss"": 5.03, ""yds_allow"": 287.41, ""yds_allow_200_299"": 1.0}"
Jacksonville Jaguars,DEF,JAX,8.65,"{""adp_dd_ppr"": 999.0, ""blk_kick"": 0.06, ""def_fum_td"": 0.06, ""def_kr_yd"": 100.35, ""def_pr_yd"": 117.28, ""def_td"": 0.19, ""ff"": 0.82, ""fum_rec"": 0.63, ""gp"": 1.0, ""int"": 0.82, ""pass_int_td"": 0.13, ""pos_adp_dd_ppr"": 999.0, ""pr_yd"": 16.93, ""pts_allow"": 17.25, ""pts_allow_14_20"": 1.0, ""pts_half_ppr"": 8.65, ""pts_ppr"": 8.65, ""pts_std"": 8.65, ""sack"": 2.7, ""tkl_loss"": 5.27, ""yds_allow"": 288.02, ""yds_allow_200_299"": 1.0}"
Minnesota Vikings,DEF,MIN,7.91,"{""adp_dd_ppr"": 999.0, ""blk_kick"": 0.06, ""def_fum_td"": 0.06, ""def_kr_yd"": 89.16, ""def_pr_td"": 0.06, ""def_pr_yd"": 104.76, ""def_td"": 0.11, ""ff"": 0.78, ""fum_rec"": 0.56, ""gp"": 1.0, ""int"": 0.72, ""pass_int_td"": 0.06, ""pos_adp_dd_ppr"": 999.0, ""pr_td"": 0.06, ""pr_yd"": 15.6, ""pts_allow"": 20.0, ""pts_allow_14_20"": 1.0, ""pts_half_ppr"": 7.91, ""pts_ppr"": 7.91, ""pts_std"": 7.91, ""sack"": 2.45, ""st_td"": 0.06, ""tkl_loss"": 4.68, ""yds_allow"": 322.07, ""yds_allow_300_349"": 1.0}"
Seattle Seahawks,DEF,SEA,6.39,"{""adp_dd_ppr"": 999.0, ""blk_kick"": 0.04, ""def_fum_td"": 0.09, ""def_kr_yd"": 61.81, ""def_pr_td"": 0.04, ""def_pr_yd"": 74.59, ""def_td"": 0.17, ""ff"": 0.64, ""fum_rec"": 0.47, ""gp"": 1.0, ""int"": 0.68, ""pass_int_td"": 0.09, ""pos_adp_dd_ppr"": 999.0, ""pr_td"": 0.04, ""pr_yd"": 12.79, ""pts_allow"": 21.75, ""pts_allow_21_27"": 1.0, ""pts_half_ppr"": 6.39, ""pts_ppr"": 6.39, ""pts_std"": 6.39, ""sack"": 2.0, ""safe"": 0.04, ""st_td"": 0.04, ""tkl_loss"": 3.84, ""yds_allow"": 338.78, ""yds_allow_300_349"": 1.0}"
Tennessee Titans,DEF,TEN,5.51,"{""adp_dd_ppr"": 999.0, ""blk_kick"": 0.07, ""def_kr_yd"": 122.82, ""def_pr_yd"": 139.41, ""def_td"": 0.07, ""ff"": 0.66, ""fum_rec"": 0.46, ""gp"": 1.0, ""int"": 0.6, ""pass_int_td"": 0.07, ""pos_adp_dd_ppr"": 999.0, ""pr_yd"": 16.6, ""pts_allow"": 22.75, ""pts_allow_21_27"": 1.0, ""pts_half_ppr"": 5.51, ""pts_ppr"": 5.51, ""pts_std"": 5.51, ""sack"": 2.19, ""tkl_loss"": 4.32, ""yds_allow"": 338.54, ""yds_allow_300_349"": 1.0}"
Green Bay Packers,DEF,GB,6.45,"{""adp_dd_ppr"": 999.0, ""blk_kick"": 0.06, ""def_fum_td"": 0.06, ""def_kr_yd"": 90.99, ""def_pr_yd"": 105.88, ""def_td"": 0.17, ""ff"": 0.72, ""fum_rec"": 0.5, ""gp"": 1.0, ""int"": 0.66, ""pass_int_td"": 0.11, ""pos_adp_dd_ppr"": 999.0, ""pr_yd"": 14.89, ""pts_allow"": 23.5, ""pts_allow_21_27"": 1.0, ""pts_half_ppr"": 6.45, ""pts_ppr"": 6.45, ""pts_std"": 6.45, ""sack"": 2.32, ""tkl_loss"": 4.63, ""yds_allow"": 347.58, ""yds_allow_300_349"": 1.0}"
Indianapolis Colts,DEF,IND,6.28,"{""adp_dd_ppr"": 999.0, ""blk_kick"": 0.06, ""def_fum_td"": 0.06, ""def_kr_yd"": 98.36, ""def_pr_yd"": 113.92, ""def_td"": 0.12, ""ff"": 0.65, ""fum_rec"": 0.53, ""gp"": 1.0, ""int"": 0.7, ""pass_int_td"": 0.06, ""pos_adp_dd_ppr"": 999.0, ""pr_yd"": 15.56, ""pts_allow"": 23.5, ""pts_allow_21_27"": 1.0, ""pts_half_ppr"": 6.28, ""pts_ppr"": 6.28, ""pts_std"": 6.28, ""sack"": 2.35, ""tkl_loss"": 4.46, ""yds_allow"": 348.89, ""yds_allow_300_349"": 1.0}"
Philadelphia Eagles,DEF,PHI,5.5,"{""adp_dd_ppr"": 999.0, ""blk_kick"": 0.04, ""def_fum_td"": 0.08, ""def_kr_yd"": 59.78, ""def_pr_yd"": 71.73, ""def_td"": 0.16, ""ff"": 0.56, ""fum_rec"": 0.4, ""gp"": 1.0, ""int"": 0.6, ""pass_int_td"": 0.08, ""pos_adp_dd_ppr"": 999.0, ""pr_yd"": 11.96, ""pts_allow"": 24.75, ""pts_allow_21_27"": 1.0, ""pts_half_ppr"": 5.5, ""pts_ppr"": 5.5, ""pts_std"": 5.5, ""sack"": 1.83, ""safe"": 0.04, ""tkl_loss"": 3.51, ""yds_allow"": 341.88, ""yds_allow_300_349"": 1.0}"
San Francisco 49ers,DEF,SF,6.13,"{""adp_dd_ppr"": 999.0, ""blk_kick"": 0.06, ""def_fum_td"": 0.06, ""def_kr_yd"": 98.24, ""def_pr_yd"": 112.98, ""def_td"": 0.12, ""ff"": 0.58, ""fum_rec"": 0.52, ""gp"": 1.0, ""int"": 0.69, ""pass_int_td"": 0.06, ""pos_adp_dd_ppr"": 999.0, ""pr_yd"": 14.74, ""pts_allow"": 24.75, ""pts_allow_21_27"": 1.0, ""pts_half_ppr"": 6.13, ""pts_ppr"": 6.13, ""pts_std"": 6.13, ""sack"": 2.31, ""tkl_loss"": 4.1, ""yds_allow"": 328.95, ""yds_allow_300_349"": 1.0}"
Buffalo Bills,DEF,BUF,5.15,"{""adp_dd_ppr"": 999.0, ""blk_kick"": 0.06, ""def_fum_td"": 0.06, ""def_kr_yd"": 92.58, ""def_pr_yd"": 107.73, ""def_td"": 0.11, ""ff"": 0.68, ""fum_rec"": 0.51, ""gp"": 1.0, ""int"": 0.68, ""pass_int_td"": 0.06, ""pos_adp_dd_ppr"": 999.0, ""pr_yd"": 15.15, ""pts_allow"": 28.75, ""pts_allow_28_34"": 1.0, ""pts_half_ppr"": 5.15, ""pts_ppr"": 5.15, ""pts_std"": 5.15, ""sack"": 2.28, ""tkl_loss"": 4.27, ""yds_allow"": 392.0, ""yds_allow_350_399"": 1.0}"
Los Angeles Rams,DEF,LAR,5.93,"{""adp_dd_ppr"": 999.0, ""blk_kick"": 0.04, ""def_fum_td"": 0.08, ""def_kr_td"": 0.04, ""def_kr_yd"": 60.48, ""def_pr_td"": 0.04, ""def_pr_yd"": 71.4, ""def_td"": 0.16, ""ff"": 0.55, ""fum_rec"": 0.43, ""gp"": 1.0, ""int"": 0.59, ""pass_int_td"": 0.08, ""pos_adp_dd_ppr"": 999.0, ""pr_yd"": 10.92, ""pts_allow"": 25.75, ""pts_allow_21_27"": 1.0, ""pts_half_ppr"": 5.93, ""pts_ppr"": 5.93, ""pts_std"": 5.93, ""sack"": 2.03, ""safe"": 0.04, ""st_td"": 0.04, ""tkl_loss"": 3.51, ""yds_allow"": 384.16, ""yds_allow_350_399"": 1.0}"
