name,pos,team,pts_ppr,pass_yd,pass_td,pass_int,rush_att,rush_yd,rush_td,rec,rec_tgt,rec_yd,rec_td
Jahmyr Gibbs,RB,8,27.00083622,,,,20.49849067,97.05026363,1.147549227,4.854390337,6.183333934,41.39194658,0.252229295
Amon-Ra St. Brown,WR,8,19.99726244,,,,,,,7.244585035,10.30555656,86.01111597,0.697442761
Josh Allen,QB,2,19.88195737,236.0350472,1.262332,0.784539977,7.15550083,29.8646724,0.727549834,,,,
Jaxon Smith-Njigba,WR,26,20.48539631,,,,,,,7.440241263,9.955712991,93.03527979,0.638147011
CeeDee Lamb,WR,6,19.14914556,,,,0.265955601,1.399413547,0.015130656,7.358748364,9.445355649,82.2823691,0.562310611
Christian McCaffrey,RB,25,18.719494,,,,14.74672273,61.27265448,0.565149005,4.570583409,6.034190797,35.66792039,0.186756357
Ja'Marr Chase,WR,4,21.78896647,,,,0.119256767,0.620137266,0.004730121,8.005542384,10.50501311,90.67132209,0.785252155
Puka Nacua,WR,14,21.67765556,,,,0.746506801,4.515111542,0.090004598,7.212848022,10.84585701,97.50109894,0.633139071
Bijan Robinson,RB,1,22.21096615,,,,20.10288986,95.24601231,0.8626831,3.317827976,4.493933327,32.63199195,0.182026943
James Cook III,RB,2,15.71038226,,,,17.40782044,79.92319203,0.637419216,2.062891431,2.830251366,15.01973061,0.084592616
Jonathan Taylor,RB,11,18.94823002,,,,19.58291238,88.68907569,0.779305599,2.767432103,3.685724467,23.4693001,0.071680924
Trey McBride,TE,22,18.70528306,,,,,,,7.621628318,9.857122449,68.02887134,0.719437685
Derrick Henry,RB,33,16.76541216,,,,21.23423393,85.91541677,0.817431129,1.706447256,2.21989461,12.97770669,0.059794684
Justin Jefferson,WR,16,18.50564456,,,,,,,6.741807368,9.353176086,82.3870909,0.593720157
Brock Bowers,TE,13,16.32462613,,,,,,,6.485001244,9.089427482,68.21526368,0.502441045
Kenneth Walker III,RB,12,0.0,,,,,,,,,,
Ashton Jeanty,RB,13,17.84008813,,,,16.07059487,62.78240772,0.450431743,4.329952994,5.722972859,34.65456296,0.180270423
Chris Olave,WR,18,16.51487979,,,,,,,6.146174635,9.427221941,80.43939929,0.398191177
Drake London,WR,1,16.02139148,,,,0.309275229,1.580506378,0.015081711,5.535946872,8.145254156,79.30940022,0.393269791
Chase Brown,RB,4,17.4390941,,,,16.93446088,68.81629675,0.479899225,4.265326678,4.90233945,26.15581738,0.144034256
Lamar Jackson,QB,33,0.0,,,,,,,,,,
Nico Collins,WR,34,16.44681833,,,,0.248728442,1.342913439,0.009657346,5.903745689,8.109724367,74.21965875,0.498237227
Javonte Williams,RB,6,17.50130758,,,,18.88284767,73.40778854,0.897143701,2.785227308,3.582721108,16.08767913,0.081346624
Kyren Williams,RB,14,17.79309173,,,,13.68595802,63.77262049,0.764609754,3.473171584,4.548262617,22.34726404,0.202058182
Davante Adams,WR,14,15.51492859,,,,,,,4.492661046,8.046926169,72.69133714,0.629039548
George Pickens,WR,6,13.22072799,,,,,,,4.635681392,7.165442216,61.35720054,0.418290058
Garrett Wilson,WR,20,14.75992658,,,,,,,5.834826355,8.131628112,67.99728183,0.365160258
Zay Flowers,WR,33,13.95936034,,,,0.537575543,3.027161845,0.020739293,5.583623171,7.769631136,68.51831179,0.197999885
Tyler Warren,TE,11,11.83758726,,,,0.515339799,1.86963949,0.037567066,5.239861074,6.757161523,46.60415695,0.260972442
Saquon Barkley,RB,21,0.0,,,,,,,,,,
Jeremiyah Love,RB,22,14.37619164,,,,14.50701373,63.28342825,0.469209411,2.641232837,3.285707483,19.13302267,0.12310244
Joe Burrow,QB,4,20.05611046,270.8583087,2.209788,0.63287266,3.145519391,11.45541751,0.132043407,,,,
Malik Nabers,WR,19,13.53947163,,,,,,,4.768558096,7.8934871,63.49963523,0.40679197
Tetairoa McMillan,WR,29,0.0,,,,,,,,,,
DeVonta Smith,WR,21,0.0,,,,,,,,,,
Omarion Hampton,RB,24,11.56549861,,,,14.91450234,64.06282773,0.479380854,1.304643243,1.739077084,9.474601652,0.035724332
George Kittle,TE,25,13.66551103,,,,,,,5.005665923,6.669368776,63.71931344,0.385062757
Rashee Rice,WR,12,0.0,,,,,,,,,,
Cam Skattebo,RB,19,13.20228886,,,,16.93265611,67.49590114,0.529039154,1.779259324,2.428765261,14.11155573,0.053572798
Breece Hall,RB,20,0.0,,,,,,,,,,
Tee Higgins,WR,4,12.80566802,,,,,,,4.511491623,6.653174968,59.46155743,0.398604215
Brock Purdy,QB,25,17.90111288,255.5559166,1.51932,0.751201266,4.473616167,20.92868391,0.204777498,,,,
Sam LaPorta,TE,8,13.09191716,,,,,,,4.739064732,6.526852486,51.74021438,0.530650568
Bucky Irving,RB,27,15.21999932,,,,17.03189549,77.49511087,0.417559658,2.533178342,3.091312833,19.92229292,0.095957733
Jalen Hurts,QB,21,16.12371514,232.2469343,1.06932,0.746608533,5.749965191,23.18854674,0.345117189,,,,
D'Andre Swift,RB,3,17.05293899,,,,18.46316023,82.98536615,0.682067453,2.455424246,3.013483658,19.90943302,0.06714093
Quinshon Judkins,RB,5,14.62811805,,,,15.62058965,59.72634485,0.461384613,3.063496417,3.802475164,21.47250719,0.11459804
Aaron Jones Sr.,RB,16,17.31826183,,,,17.47990637,81.0447588,0.527741688,2.932925818,3.922299649,24.63374675,0.131761336
Patrick Mahomes,QB,12,0.0,,,,,,,,,,
Christian Watson,WR,9,13.82025738,,,,,,,4.608982414,7.991769592,66.14385689,0.441862565
A.J. Brown,WR,17,0.0,,,,,,,,,,
Parker Washington,WR,30,14.12929639,,,,0.138899049,0.661594904,0.004505222,4.453793626,7.240000246,62.49924859,0.525066707
Emeka Egbuka,WR,27,9.76105555,,,,0.133061684,0.71532336,0.005457721,3.199829032,5.901597226,48.54747483,0.271695162
Dak Prescott,QB,6,17.75122192,244.923896,1.754964,0.551695201,3.210945786,13.25462634,0.141021191,,,,
Jaylen Waddle,WR,7,11.36804621,,,,0.124432249,0.716425807,0.004033273,4.432988757,6.843349173,55.73319432,0.21708755
Travis Kelce,TE,12,0.0,,,,,,,,,,
Ladd McConkey,WR,24,10.45508319,,,,,,,3.906849003,6.086769795,50.65330449,0.255245655
Chuba Hubbard,RB,29,0.0,,,,,,,,,,
DJ Moore,WR,2,0.0,,,,,,,,,,
David Montgomery,RB,34,11.87227311,,,,13.92879274,56.16309615,0.484009201,1.862462134,2.18338733,12.97259524,0.041882257
Bhayshul Tuten,RB,30,13.93205193,,,,16.94568398,71.10482858,0.507590377,1.84809723,2.413333415,14.59701343,0.09074202
Harold Fannin Jr.,TE,5,11.98815979,,,,,,,4.74919073,6.654331536,47.98438094,0.410043331
Jaylen Warren,RB,23,14.42018275,,,,13.20200805,62.6471687,0.264137129,3.171061461,4.113106585,25.91304361,0.148692979
Michael Wilson,WR,22,16.7758223,,,,,,,5.709890413,9.199980952,74.48554813,0.61104489
Drake Maye,QB,17,18.46311085,240.9877168,1.631872,0.907078773,5.974835336,36.0850276,0.169380201,,,,
Terry McLaurin,WR,28,12.78991597,,,,,,,4.207640752,6.63388266,59.7283067,0.439479975
Mike Evans,WR,25,12.7760196,,,,,,,4.503947495,6.986957765,61.47342493,0.360011628
Jared Goff,QB,8,19.40997497,280.6753006,2.227164,0.515692943,1.831194765,2.756539218,0.05760319,,,,
Colston Loveland,TE,3,9.66551564,,,,,,,3.630492819,5.424270584,40.38840615,0.334174962
Jayden Daniels,QB,28,20.4814868,224.9303464,1.633326,0.598305603,8.451435219,51.22979894,0.216534203,,,,
Jameson Williams,WR,8,10.93553646,,,,,,,3.603061872,5.49629683,53.70869947,0.332278645
Luther Burden III,WR,3,12.27122276,,,,0.568097238,3.164447777,0.024322384,4.651870796,6.931012413,55.43717608,0.28037573
Matthew Stafford,QB,14,18.18086237,268.8547858,2.177154,0.840560349,1.727870309,2.84696232,0.050382392,,,,
Trevor Lawrence,QB,30,18.95310888,241.5988783,1.98,0.741453652,3.912228643,16.74458643,0.222606908,,,,
Isaiah Likely,TE,19,12.86097783,,,,,,,5.003046057,7.8934871,57.3310002,0.359960702
DK Metcalf,WR,23,12.39239648,,,,,,,3.872918461,7.540695405,60.57076716,0.414619837
Rhamondre Stevenson,RB,17,13.26328222,,,,11.43188944,51.63798708,0.393216412,2.76185311,3.482844685,22.94561787,0.132186087
Carnell Tate,WR,10,13.51252689,,,,,,,4.827420828,7.625636691,71.02061909,0.273559672
Rome Odunze,WR,3,10.93271192,,,,,,,3.522807522,6.026967315,52.98056142,0.358116926
Matthew Golden,WR,9,12.76102614,,,,0.211132639,1.200928717,0.005702047,4.232670215,7.991769592,64.36679497,0.331089542
Dalton Kincaid,TE,2,9.93374661,,,,,,,4.102031525,5.974975106,48.10191369,0.177064609
TreVeyon Henderson,RB,17,10.54018224,,,,12.21133645,58.2878402,0.355331387,1.359393073,1.741422343,9.692593152,0.048857205
Caleb Williams,QB,3,0.0,,,,,,,,,,
Tucker Kraft,TE,9,10.47696139,,,,0.211132639,0.833582677,0.009122044,4.441865369,6.538720575,47.06060162,0.206809087
Travis Etienne Jr.,RB,18,0.0,,,,,,,,,,
Tony Pollard,RB,10,13.00464293,,,,17.05883471,67.26125629,0.418781429,2.267630372,2.824309885,13.82839481,0.031173577
Deebo Samuel Sr.,WR,25,11.09322863,,,,1.720450986,9.707938525,0.077743318,3.615566763,5.081423829,43.39676848,0.289893234
Tyler Shough,QB,18,16.4892385,240.560259,1.47126,0.706087214,4.02682984,17.88000146,0.173338853,,,,
Stefon Diggs,WR,28,0.0,,,,,,,,,,
Jalen Coker,WR,29,0.0,,,,,,,,,,
Bryce Young,QB,29,0.0,,,,,,,,,,
Josh Downs,WR,11,12.03651316,,,,,,,4.895378275,7.371448934,58.49519711,0.224040871
Emanuel Wilson,RB,26,13.58590613,,,,17.01487305,68.70615065,0.509350564,1.799350533,2.41350618,15.13624959,0.079793252
Kyle Monangai,RB,3,0.0,,,,,,,,,,
Jordan Addison,WR,16,11.34414341,,,,0.126665988,0.820025814,0.00835371,3.949091393,6.33602251,53.66947986,0.319244228
Josh Jacobs,RB,9,0.0,,,,,,,,,,
Mark Andrews,TE,33,9.52288392,,,,,,,4.24064546,5.827223352,35.90736709,0.287297089
Juwan Johnson,TE,18,10.06089887,,,,,,,3.894410271,5.723670464,41.52086667,0.340751866
Dallas Goedert,TE,21,10.88818294,,,,,,,4.749929365,5.996006128,47.12325633,0.244597237
RJ Harvey,RB,7,11.28560528,,,,5.475018971,22.10132481,0.155227075,4.092687183,4.888106552,29.82697669,0.176964898
Courtland Sutton,WR,7,10.27182018,,,,,,,3.315987357,6.191601632,46.37078416,0.385945033
Denzel Boston,WR,5,11.92699009,,,,,,,4.216822635,6.654331536,55.85276166,0.362082157
J.K. Dobbins,RB,7,10.61028989,,,,14.68300542,64.27760269,0.399567025,0.989830165,1.303495081,6.267232531,0.026840435
Braelon Allen,RB,20,14.13469649,,,,14.96473008,63.92574964,0.523388292,2.304256674,3.011714116,17.89879243,0.09231466
Jadarian Price,RB,26,0.0,,,,,,,,,,
Bo Nix,QB,7,16.20646692,234.3284298,1.365966,0.690020271,4.550818097,18.09119167,0.191981001,,,,
Jakobi Meyers,WR,30,10.70955165,,,,0.138899049,0.734904171,0.006880874,3.82537678,5.430000184,42.89726461,0.418069884
Jake Ferguson,TE,6,6.86796247,,,,,,,2.952509789,3.908423027,23.87244886,0.260103093
Ollie Gordon II,RB,15,10.90486664,,,,12.75855582,54.50120421,0.388734698,1.681710596,2.249631925,12.4385959,0.041989618
Romeo Doubs,WR,17,12.15844148,,,,,,,3.961820808,6.0949782,56.75881844,0.426408249
Kyle Pitts Sr.,TE,1,7.13707738,,,,,,,2.734201992,4.213062494,35.07900281,0.15027415
T.J. Hockenson,TE,16,10.36176194,,,,,,,4.999529612,6.034307152,40.95146548,0.216581758
Alvin Kamara,RB,18,11.16259366,,,,10.56613556,43.48445276,0.234448206,3.009787144,4.040237975,20.46262302,0.067929951
Xavier Worthy,WR,12,0.0,,,,,,,,,,
Marvin Harrison Jr.,WR,22,6.69205088,,,,,,,2.008900253,3.614278231,28.92600722,0.30076851
Devaughn Vele,WR,18,10.77591791,,,,,,,4.026314475,6.39704346,46.10046616,0.361272206
Jacory Croskey-Merritt,RB,28,8.92715662,,,,12.70179496,56.53662117,0.343490133,0.68272564,0.829235333,4.749150683,0.029979037
Blake Corum,RB,14,8.36716138,,,,9.455752813,42.69589702,0.373649256,0.980749384,1.399465421,7.03038284,0.03487487
Michael Pittman Jr.,WR,23,0.0,,,,,,,,,,
Rico Dowdle,RB,23,7.91635081,,,,8.801338702,39.36799657,0.178786464,1.497951488,2.056553292,10.47286306,0.06464839
Wan'Dale Robinson,WR,10,8.98804615,,,,0.266544292,1.447043861,0.010139514,4.008750762,5.648619771,40.42397497,0.129349643
Kenny Gainwell,RB,27,7.29809124,,,,3.991850505,17.47192047,0.109150584,2.411482945,3.091312833,18.2253317,0.110044257
Justin Herbert,QB,24,13.93605596,218.4015403,1.097706,0.865117968,4.496740807,22.6907084,0.116836275,,,,
Brian Thomas Jr.,WR,30,7.56655656,,,,,,,2.382055229,3.9216668,35.41746723,0.276077774
Khalil Shakir,WR,2,11.14172315,,,,,,,4.587853784,6.603919854,52.07634629,0.233315041
Rachaad White,RB,28,7.93384184,,,,6.615518207,29.10462554,0.162529865,2.126460336,2.21129422,13.25889241,0.101937868
Alec Pierce,WR,11,0.0,,,,,,,,,,
Kyler Murray,QB,16,17.87749699,231.2353479,1.43532,0.665306384,4.691161009,30.1305032,0.234369534,,,,
Zach Charbonnet,RB,26,0.0,,,,,,,,,,
KC Concepcion,WR,5,10.5213849,,,,0.689143661,3.656176069,0.025423779,4.384137399,6.654331536,47.21253964,0.148944753
Chris Godwin Jr.,WR,27,6.80846058,,,,0.399185051,2.334646453,0.01891424,2.933124416,4.21542659,30.35715747,0.089873566
Jordan Mason,RB,16,0.0,,,,,,,,,,
Kenyon Sadiq,TE,20,9.50682234,,,,0.126819746,0.362700762,0.009170967,3.77391261,5.119913997,41.97206335,0.243121045
Makai Lemon,WR,21,10.10348354,,,,0.237696727,1.173467879,0.008040741,3.762714296,5.696205822,49.06709058,0.221477838
Sam Darnold,QB,26,15.53873275,245.7296567,1.663068,0.809995463,2.579440824,6.531247417,0.052381908,,,,
Brian Robinson Jr.,RB,1,8.10204409,,,,9.587532087,39.89416466,0.380810104,0.884709329,1.123483332,6.897722857,0.04990059
Woody Marks,RB,34,7.64255658,,,,8.456767018,31.81025669,0.190472048,1.662324628,2.18338733,12.85002714,0.069464332
Jordan Love,QB,9,15.27728184,258.6748568,1.44435,0.773095687,2.174931736,8.652293891,0.056371284,,,,
MarShawn Lloyd,RB,9,9.27348494,,,,9.078703484,40.06035133,0.198006348,2.194852741,2.906098033,14.097036,0.089599513
Jacoby Brissett,QB,22,18.82131633,239.5598547,2.101118253,0.647667321,3.138239349,13.51418375,0.165222598,,,,
Dontayvion Wicks,WR,21,10.10770228,,,,,,,3.89131245,5.996006128,50.03012647,0.213407314
Jonathon Brooks,RB,29,0.0,,,,,,,,,,
Dalton Schultz,TE,34,8.06026325,,,,,,,3.856259779,4.990599611,35.40750498,0.117157583
Quentin Johnston,WR,24,0.0,,,,,,,,,,
Will Shipley,RB,21,10.25822444,,,,11.17174617,43.09347391,0.254687626,2.410705797,2.998003064,17.2420019,0.056680162
De'Von Achane,RB,15,0.0,,,,,,,,,,
C.J. Stroud,QB,34,15.3514801,245.927618,1.276952,0.447493363,2.7982618,12.90513648,0.060281772,,,,
Hunter Henry,TE,17,7.71294076,,,,,,,2.990143056,4.0633188,32.54070416,0.245776614
Keenan Allen,WR,11,9.99617728,,,,,,,4.414734705,6.450017818,43.95273567,0.208489566
Tyler Allgeier,RB,22,9.41601351,,,,8.754232424,36.32239601,0.338249738,1.923098357,2.299995238,14.34166118,0.066282106
Malik Washington,WR,15,11.08970939,,,,1.531026698,8.367624527,0.066147791,3.834196458,6.186487794,51.44707942,0.139543255
Keon Coleman,WR,2,10.60359133,,,,,,,3.615867363,5.974975106,49.77404919,0.338225576
Kalif Raymond,WR,3,7.94412387,,,,,,,3.635661536,4.520225486,34.43508694,0.135404233
Kirk Cousins,QB,13,14.1818057,243.2815877,1.444654,0.878617711,2.284312415,3.357682766,0.059859054,,,,
Tyjae Spears,RB,10,6.45066721,,,,5.064341556,20.2272339,0.136648017,1.85415914,2.259447908,14.51635142,0.055953686
Jordyn Tyson,WR,18,0.0,,,,,,,,,,
Rashid Shaheed,WR,26,9.45930805,,,,1.329286957,8.025455088,0.059221672,2.528942684,4.525324087,41.66253661,0.226202301
Travis Hunter,WR,30,0.0567341,,,,,,,,,,
Tre Tucker,WR,13,9.1373496,,,,,,,3.32936873,5.386327397,45.08677154,0.219669145
Jayden Reed,WR,9,0.0,,,,,,,,,,
Jaxson Dart,QB,19,0.0,,,,,,,,,,
Baker Mayfield,QB,27,0.0,,,,,,,,,,
Tank Dell,WR,34,0.0,,,,,,,,,,
Roman Wilson,WR,23,10.23793965,,,,,,,3.584572706,6.169659877,48.05895394,0.314148903
Kaelon Black,RB,25,5.19033823,,,,5.898689094,23.95236371,0.155925895,0.96273555,1.270355957,6.983955381,0.039837265
Brenton Strange,TE,30,9.7148103,,,,,,,3.73312361,5.128333507,41.2856728,0.313787
De'Zhaun Stribling,WR,25,0.0,,,,,,,,,,
Mike Gesicki,TE,4,7.32095268,,,,,,,2.693672871,3.501671036,25.29172674,0.351113367
Keaton Mitchell,RB,24,7.77860706,,,,7.050492016,33.96304174,0.154980008,1.727379532,2.318769446,12.97480598,0.075031499
Mike Washington Jr.,RB,13,4.882755,,,,6.528679167,28.359002,0.178524656,0.512277445,0.673290925,3.708184459,0.019614671
Adonai Mitchell,WR,20,0.0,,,,,,,,,,
Darren Waller,TE,29,0.0,,,,,,,,,,
Jonah Coleman,RB,7,0.0,,,,,,,,,,
Isiah Pacheco,RB,8,0.0,,,,,,,,,,
Pat Freiermuth,TE,23,8.34721305,,,,0.231614176,0.606874205,0.007896799,3.464425541,4.798624349,32.51284026,0.258114911
Daniel Jones,QB,11,12.78689975,220.3738737,0.92529,0.801724181,3.151427676,12.52289501,0.181707238,,,,
Deshaun Watson,QB,5,16.86880285,225.5669928,1.343745,0.628250577,6.828121628,32.70110984,0.151144522,,,,
Aaron Rodgers,QB,23,15.90257391,243.2317355,1.753752,0.771592554,1.687678223,6.906144434,0.043827608,,,,
Rashod Bateman,WR,33,5.67472037,,,,,,,2.241218902,3.607328742,25.72052929,0.147386309
Michael Mayer,TE,13,8.16001241,,,,,,,3.75929051,5.049681934,33.95582111,0.171717821
Chris Rodriguez Jr.,RB,30,5.18559172,,,,7.500548645,31.76826254,0.257779606,0.231208758,0.301666677,1.765752839,0.012925074
Emmett Johnson,RB,12,0.0,,,,,,,,,,
Terrance Ferguson,TE,14,0.0,,,,,,,,,,
Caleb Douglas,WR,15,0.0,,,,,,,,,,
Jalen McMillan,WR,27,0.0,,,,,,,,,,
Jaylen Wright,RB,15,7.65840598,,,,9.441331304,40.2874955,0.20697487,1.2339907,1.687223944,9.71235127,0.041268462
Jerry Jeudy,WR,5,4.66882931,,,,,,,1.727679996,2.851856373,22.10029616,0.124476591
Dohnte Meyers,WR,4,7.5357008,,,,0.119256767,0.64446072,0.005186403,2.661076129,3.851838139,31.41075745,0.2545824
Kendre Miller,RB,18,7.82025972,,,,9.365438336,39.70599149,0.181640766,1.474440334,2.020118987,10.5970702,0.048465022
Cooper Kupp,WR,26,5.95157521,,,,,,,2.193202551,3.318570997,26.63482076,0.187005851
Justice Hill,RB,33,3.8421263,,,,2.419089942,9.598421903,0.05795327,1.255121008,1.664920958,10.18779601,0.047660651
Tank Bigsby,RB,21,0.0,,,,,,,,,,
George Holani,RB,26,7.51754486,,,,6.646434784,26.64384177,0.212972018,1.835080247,2.41350618,13.95924818,0.066821803
Calvin Ridley,WR,10,2.76998043,,,,,,,0.933877978,1.694585931,14.08114035,0.072399991
Mack Hollins,WR,17,0.0,,,,,,,,,,
Malik Willis,QB,15,13.42871659,214.9565854,0.6885,0.62990249,5.22477838,28.22800241,0.179642641,,,,
Dylan Sampson,RB,5,0.0,,,,,,,,,,
Darius Cooper,WR,21,9.23840478,,,,,,,3.448798534,5.396405515,43.67666272,0.24512323
Ja'Kobi Lane,WR,33,0.0,,,,,,,,,,
Michael Penix Jr.,QB,1,14.58248676,232.437475,1.266144,0.527776126,2.118791013,7.481420208,0.113081084,,,,
Antonio Williams,WR,28,9.68080154,,,,,,,3.344730157,4.975411995,43.55015478,0.32818361
Geno Smith,QB,20,14.74399591,232.0049944,1.293922,0.603499727,3.079870024,12.37462543,0.09231964,,,,
Malachi Fields,WR,19,7.75072656,,,,,,,2.618659554,4.553934865,38.1869596,0.222401998
Najee Harris,RB,19,5.27788889,,,,7.920113341,31.50235214,0.218290318,0.444960798,0.607191315,3.390375885,0.009730733
Kayshon Boutte,WR,34,4.8428761,,,,,,,1.812470007,2.807212281,22.9272193,0.126195705
AJ Barner,TE,26,8.07500626,,,,0.265857391,0.841091713,0.022805838,3.01784754,4.223635814,31.73322465,0.283380246
Samaje Perine,RB,4,5.82544405,,,,4.77027067,20.04402614,0.154552844,1.450605897,1.750835518,11.59482229,0.053990233
Tre' Harris,WR,24,8.23747363,,,,,,,3.042070772,5.217231253,44.60506639,0.130828877
Marcus Mariota,QB,28,0.0,,,,,,,,,,
Chris Brooks,RB,9,0.0,,,,,,,,,,
Cam Ward,QB,10,13.1632962,214.0114888,0.917854,0.535370187,3.085660478,12.68447933,0.169288181,,,,
Jalen Nailor,WR,13,0.0,,,,,,,,,,
Jauan Jennings,WR,16,2.41984262,,,,,,,1.011553534,1.508576788,10.24120496,0.06593336
Kaleb Johnson,RB,9,6.77061721,,,,9.712101401,42.61436852,0.199541598,0.80873952,1.089786763,5.205960468,0.023244266
Oronde Gadsden,TE,24,6.22950942,,,,,,,2.413738059,3.768000349,26.97942817,0.189402087
Jaylin Noel,WR,34,5.33796483,,,,0.994913767,5.289813256,0.030120802,1.809886281,2.807212281,22.22915566,0.089587311
Ray Davis,RB,2,1.07145943,,,,0.994732597,4.046891121,0.031299064,0.22921742,0.314472374,1.567539298,0.009637494
Ryan Flournoy,WR,6,8.41705573,,,,,,,3.151759246,4.885528784,37.4172235,0.259810897
Isaiah Davis,RB,20,7.77525513,,,,8.623742759,39.74163824,0.30599,0.941030651,1.204685646,7.877829913,0.040927531
Jameis Winston,QB,19,13.33948813,228.0529158,1.333582,1.085697136,2.118119755,7.302291638,0.07974784,,,,
Xavier Hutchinson,WR,34,8.16253855,,,,0.248728442,1.36483941,0.008106831,2.663542291,4.990599611,43.18800152,0.171241177
Fernando Mendoza,QB,13,0.0,,,,,,,,,,
Chris Bell,WR,15,9.02579027,,,,,,,3.313560264,5.624079813,47.65748103,0.165858235
Austin Ekeler,RB,28,3.76350297,,,,3.175448739,13.7298894,0.081919798,0.900854794,1.10564711,7.879928782,0.042425189
Cade Otton,TE,27,7.95776472,,,,,,,3.361722512,5.058511908,40.74285412,0.093797658
Isaac TeSlaa,WR,8,7.58693932,,,,,,,2.2845294,3.778704071,34.35173938,0.314959776
Tyler Higbee,TE,14,3.41468371,,,,,,,1.461224189,2.099198131,13.43948186,0.103044064
Chig Okonkwo,TE,28,6.58455248,,,,,,,2.912265062,3.869764885,28.43988214,0.141955399
James Conner,RB,22,0.0,,,,,,,,,,
Evan Engram,TE,7,5.04242532,,,,,,,2.425850796,3.584611471,22.16660209,0.070203759
Germie Bernard,WR,23,7.93253846,,,,,,,2.908621001,4.798624349,34.57155316,0.26598679
Devin Singletary,RB,19,0.0,,,,,,,,,,
Gunnar Helm,TE,10,5.85492016,,,,,,,2.541847942,3.389171862,23.47780102,0.161622627
Tyson Bagent,QB,3,15.45171068,230.0685084,1.344824,0.714596559,3.917110845,14.86205868,0.197978543,,,,
Omar Cooper Jr.,WR,20,0.0,,,,,,,,,,
Jayden Higgins,WR,34,0.0,,,,,,,,,,
Ricky Pearsall,WR,25,0.0,,,,,,,,,,
DeMario Douglas,WR,17,8.26099363,,,,,,,2.937580668,4.353555857,39.17815169,0.240404754
David Njoku,TE,24,0.0,,,,,,,,,,
Roschon Johnson,RB,3,7.25824018,,,,7.385264091,30.85790886,0.337007619,1.18460381,1.506741829,7.874545845,0.035939973
Pat Bryant,WR,7,0.0,,,,,,,,,,
Dameon Pierce,RB,21,7.34405423,,,,9.507869077,34.5894021,0.198834444,1.47145381,1.798801838,10.50576331,0.042164075
Odell Beckham Jr.,WR,19,0.0,,,,,,,,,,
Zachariah Branch,WR,1,3.07241772,,,,,,,1.025495739,1.685224998,14.37936783,0.085414998
Tyrone Tracy Jr.,RB,19,1.81000712,,,,0.81932207,3.459522525,0.014809943,0.652551861,0.910786973,5.320154948,0.028920423
Kimani Vidal,RB,24,4.91095833,,,,3.254073238,13.64589851,0.076896863,1.37797594,2.028923265,13.03997036,0.069609615
Darnell Washington,TE,23,5.37311667,,,,,,,2.122013787,3.084829939,20.67064939,0.199777885
Isaiah Williams,WR,20,7.63798757,,,,0.126819746,0.764961478,0.006109101,2.913643093,4.216399762,36.21258185,0.138523676
Jalon Daniels,QB,27,12.94758414,208.9431431,0.928824,1.208859181,5.28960892,26.04761249,0.175346586,,,,
Ty Johnson,RB,2,4.3622789,,,,1.492098895,6.187756371,0.054956346,1.595682473,2.201306618,13.22063905,0.084299105
Greg Dulcich,TE,15,5.72440873,,,,,,,2.46862858,3.655651878,26.42254714,0.105925953
KaVontae Turpin,WR,6,1.82596553,,,,0.531911202,3.137401043,0.0246468,0.41722188,0.651403838,5.339839722,0.040953111
Zach Ertz,TE,21,0.0,,,,,,,,,,
Tyler Huntley,QB,33,14.05158731,201.3208405,1.007538,0.559810752,5.93867383,26.49359255,0.152538308,,,,
Christian Kirk,WR,25,0.0,,,,,,,,,,
Demarcus Robinson,WR,25,0.0,,,,,,,,,,
Shedeur Sanders,QB,5,0.0,,,,,,,,,,
Raheim Sanders,RB,5,5.12872239,,,,2.067430983,8.723545711,0.064812093,2.016606013,2.534983442,14.55235167,0.064156107
J.J. McCarthy,QB,19,0.0,,,,,,,,,,
Case Keenum,QB,3,0.0,,,,,,,,,,
Darnell Mooney,WR,19,5.42037213,,,,0.273107357,1.473188625,0.010730745,1.70835639,3.339552234,27.27620327,0.131161979
Cyrus Allen,WR,12,0.0,,,,,,,,,,
Joshua Palmer,WR,2,6.60892351,,,,,,,2.347615504,4.088140862,33.32931143,0.157921669
Xavier Legette,WR,29,0.0,,,,,,,,,,
Seth McGowan,RB,11,3.34000349,,,,3.865048496,16.77244639,0.121028582,0.485878185,0.614287411,3.516823418,0.014452521
Carson Wentz,QB,16,0.0,,,,,,,,,,
Eli Heidenreich,RB,23,0.0,,,,,,,,,,
Noah Fant,TE,18,4.36235946,,,,,,,1.853364744,2.693491983,18.19541792,0.117570366
Ted Hurst III,WR,27,5.87674395,,,,,,,2.185122297,3.653369711,28.56955055,0.144215632
Kendrick Bourne,WR,22,5.41431864,,,,,,,2.165398714,2.957136735,22.49626782,0.171929933
Drew Lock,QB,26,0.0,,,,,,,,,,
Jordan James,RB,25,0.0,,,,,,,,,,
Cole Kmet,TE,3,2.60302975,,,,,,,1.141501132,1.506741829,10.30479084,0.073111239
Jahan Dotson,WR,1,6.47540035,,,,,,,2.146085997,3.932191661,31.95565559,0.190005769
Colby Parkinson,TE,14,7.83018366,,,,,,,2.796339404,4.198396262,28.76159369,0.361749089
Sione Vaki,RB,8,4.30708396,,,,4.099698133,17.46118602,0.159883584,0.790490399,1.030555656,6.389306677,0.032894233
Dawson Knox,TE,2,3.18000416,,,,,,,1.255046198,1.886834244,11.86291734,0.122173388
Tyquan Thornton,WR,12,0.0,,,,,,,,,,
Brycen Tremayne,WR,29,0.0,,,,,,,,,,
Kaytron Allen,RB,16,0.0,,,,,,,,,,
Malik Davis,RB,6,0.0,,,,,,,,,,
Chimere Dike,WR,10,1.63749349,,,,,,,0.563870625,0.847292966,6.220399354,0.031561821
Nicholas Singleton,RB,10,1.62069299,,,,2.931987216,11.61286159,0.079088859,,,,
Tua Tagovailoa,QB,1,0.0,,,,,,,,,,
Jacob Saylors,RB,8,0.03562284,,,,,,,,,,
Skyy Moore,WR,9,5.82305751,,,,,,,2.251911065,3.995884796,26.32621855,0.144716262
AJ Dillon,RB,29,0.0,,,,,,,,,,
Demond Claiborne,RB,16,2.97627508,,,,3.799979645,17.36587693,0.130390849,0.244904693,0.301715358,1.739059435,0.009289693
Troy Franklin,WR,7,6.09556857,,,,0.248864499,1.31097964,0.008026365,1.907644508,3.258737701,27.89159144,0.203441948
Emari Demercado,RB,0,0.0,,,,,,,,,,
Myles Price,WR,16,0.76826271,,,,0.126665988,0.726727906,0.005996616,0.195899439,0.301715358,2.097861813,0.01135312
Efton Chism III,WR,17,6.81345655,,,,,,,2.37955669,3.773081743,31.66391147,0.2122888
Brashard Smith,RB,12,0.0,,,,,,,,,,
Marvin Mims Jr.,WR,7,3.87270606,,,,0.373296748,1.827872892,0.011711856,1.393878041,1.955242621,16.99662162,0.079509411
Sean Tucker,RB,27,1.69245851,,,,2.395110303,10.50564068,0.109916841,,,,
Jack Bech,WR,13,0.0,,,,,,,,,,
Konata Mumpfield,WR,14,1.69606789,,,,,,,0.561130024,1.049599066,7.902182167,0.058615615
Jalen Tolbert,WR,15,2.42130015,,,,,,,0.932029765,1.687223944,11.86175939,0.052446396
Kyle Williams,WR,17,6.43321016,,,,,,,1.989309021,3.482844685,32.98252953,0.187586614
Tory Horton,WR,26,2.72890357,,,,,,,0.944573007,1.508441362,12.23816247,0.094331131
Darius Slayton,WR,11,0.0,,,,,,,,,,
Zavion Thomas,WR,3,0.57246972,,,,,,,0.185644027,0.301348366,2.296625356,0.016351473
Kyle Juszczyk,RB,25,0.0,,,,,,,,,,
Carson Beck,QB,22,0.0,,,,,,,,,,
LeQuint Allen Jr.,RB,30,1.07348618,,,,0.277798098,1.141612055,0.006868302,0.452584616,0.603333354,3.308908352,0.023043616
Adam Randall,RB,33,0.0,,,,,,,,,,
Tyler Goodson,RB,6,3.90282646,,,,4.787200818,19.71364305,0.162385864,0.484136837,0.651403838,3.374970788,0.025508696
Jake Tonges,TE,25,0.0,,,,,,,,,,
Skyler Bell,WR,2,1.85024208,,,,,,,0.698291638,1.257889496,9.163605397,0.040624832
Andrei Iosivas,WR,4,0.0,,,,,,,,,,
Eli Stowers,TE,21,0.0,,,,,,,,,,
Trevor Etienne,RB,29,0.0,,,,,,,,,,
Cody White,WR,13,6.15021244,,,,,,,2.233717848,3.703100085,28.10613239,0.187784752
Chris Moore,WR,33,3.57365385,,,,,,,1.295225309,2.21989461,17.45406061,0.085891861
Brandin Cooks,WR,25,2.68182474,,,,,,,0.946306255,1.587944947,12.43172994,0.083477205
Ty Simpson,QB,14,0.0,,,,,,,,,,
Hollywood Brown,WR,21,0.0,,,,,,,,,,
Justin Fields,QB,12,0.0,,,,,,,,,,
Eli Raridon,TE,17,3.85734903,,,,,,,1.509979116,2.0316594,15.22539051,0.138363677
Theo Johnson,TE,19,2.45985422,,,,,,,0.878928103,1.517978288,11.15314673,0.077343988
Jaydon Blue,RB,0,0.0,,,,,,,,,,
Mason Taylor,TE,20,4.28030578,,,,,,,1.878737118,2.710542704,17.83525543,0.104580881
Elijah Arroyo,TE,26,0.51248055,,,,,,,0.204102478,0.301688272,2.095617227,0.016724395
Joe Flacco,QB,4,0.0,,,,,,,,,,
DJ Giddens,RB,11,0.0,,,,,,,,,,
Noah Gray,TE,12,0.0,,,,,,,,,,
Mac Jones,QB,25,0.0,,,,,,,,,,
Tyler Badie,RB,7,2.72012311,,,,1.244322493,5.340008766,0.031687406,0.97850795,1.303495081,7.943288037,0.035775028
Dont'e Thornton Jr.,WR,13,0.0,,,,,,,,,,
Tahj Brooks,RB,4,0.01073828,,,,,,,,,,
Elic Ayomanor,WR,10,4.13133602,,,,,,,1.358235107,2.541878897,19.93276036,0.131435532
Kevin Coleman Jr.,WR,15,6.61873903,,,,,,,2.56160978,4.49926385,36.32632117,0.076732989
Savion Williams,WR,9,0.0,,,,,,,,,,
Josh Cameron,WR,30,5.5045191,,,,,,,1.772375123,3.016666769,25.52270466,0.19389467
Jalen Royals,WR,12,0.0,,,,,,,,,,
Drew Allar,QB,23,0.0,,,,,,,,,,
Tommy Tremble,TE,29,0.0,,,,,,,,,,
Tutu Atwell,WR,14,0.55907898,,,,,,,0.204774669,0.349866355,2.544517782,0.016915569
Kaden Wetjen,WR,23,0.17218771,,,,,,,,,,
Dylan Laube,RB,13,0.03116989,,,,,,,,,,
Rasheen Ali,RB,33,0.0,,,,,,,,,,
Treylon Burks,WR,28,6.85032926,,,,,,,2.244317754,3.593353108,31.79419035,0.240071301
Laquon Treadwell,WR,11,5.18650822,,,,,,,2.177545554,3.378580762,25.77308202,0.077855058
Bryce Lance,WR,18,3.79290971,,,,,,,1.384133009,2.356805485,17.95566085,0.105055144
Elijah Sarratt,WR,33,0.0,,,,,,,,,,
DeeJay Dallas,RB,16,2.3244795,,,,1.519991858,6.97695684,0.050027602,0.718221433,0.905146073,4.949375735,0.023029862
Luke McCaffrey,WR,28,1.06126199,,,,,,,0.392449258,0.552823555,4.282833237,0.038286026
Erick All Jr.,TE,4,1.24755974,,,,,,,0.532506498,0.700334207,4.624839152,0.042832451
Jonnu Smith,TE,9,2.85591099,,,,,,,1.30413416,1.816311271,11.41896234,0.071187437
Bam Knight,RB,22,0.0,,,,,,,,,,
Trey Benson,RB,22,0.0,,,,,,,,,,
Luke Schoonmaker,TE,6,0.54029715,,,,,,,0.228272441,0.325701919,2.113693542,0.016904899
Ja'Tavion Sanders,TE,29,0.0,,,,,,,,,,
Mitchell Tinsley,WR,4,0.0,,,,,,,,,,
Kene Nwangwu,RB,20,0.16634656,,,,,,,,,,
Anthony Richardson Sr.,QB,11,0.0,,,,,,,,,,
Austin Hooper,TE,1,3.02048268,,,,,,,1.242132866,1.685224998,12.07863176,0.095978325
Jaleel McLaughlin,RB,5,0.99701498,,,,0.918858215,4.197859835,0.020789993,0.255089954,0.31687293,1.531242254,0.00814114
Jordan Whittington,WR,14,1.7489868,,,,,,,0.680728051,1.049599066,7.498281869,0.054712699
Barion Brown,WR,18,0.2920248,,,,0.240139445,1.286741385,0.00787659,,,,
Johnny Mundt,TE,21,1.41298541,,,,,,,0.652886769,0.899400919,6.104755877,0.025741867
Ashton Dulin,WR,11,0.0,,,,,,,,,,
Hunter Luepke,RB,6,0.98893137,,,,0.797866803,3.2116272,0.030507789,0.25206677,0.325701919,1.792559177,0.009470708
Tez Johnson,WR,27,3.98125414,,,,0.532246734,2.837550732,0.02103037,1.245871859,2.248227515,16.89005373,0.096357529
Devontez Walker,WR,33,2.14958481,,,,,,,0.834830456,1.387434131,10.15018665,0.05191531
Tommy DeVito,QB,17,0.0,,,,,,,,,,
Jahdae Walker,WR,3,0.0,,,,,,,,,,
Corey Kiner,RB,17,0.01248353,,,,,,,,,,
Ameer Abdullah,RB,30,1.26851747,,,,0.555596196,2.369875606,0.01376871,0.479189997,0.603333354,3.071117076,0.025162557
Brock Wright,TE,8,1.86398759,,,,,,,0.758672551,1.030555656,7.082278109,0.066708722
Colbie Young,WR,4,1.24854415,,,,,,,0.423424917,0.700334207,5.577848802,0.045496746
Isaac Guerendo,RB,25,0.0,,,,,,,,,,
Isaiah Bond,WR,5,1.54373226,,,,,,,0.551109054,0.950618791,6.92680889,0.050965471
Kyle Allen,QB,2,0.0,,,,,,,,,,
Lil'Jordan Humphrey,WR,7,1.05769549,,,,,,,0.394364189,0.65174754,4.642971285,0.033680696
Elijah Higgins,TE,22,3.13898068,,,,,,,1.283263533,1.642853741,12.14847631,0.108552689
Sam Howell,QB,6,0.0,,,,,,,,,,
Dyami Brown,WR,28,5.42489404,,,,,,,1.856381092,2.764117775,23.80472797,0.19961002
Bo Melton,WR,9,1.52388084,,,,,,,0.585035482,1.089786763,6.838903128,0.040407913
Jordan Watkins,WR,25,2.69968684,,,,,,,0.987325304,1.587944947,13.22849856,0.067346255
Malik Benson,WR,13,2.24808606,,,,,,,0.814118533,1.346581849,10.41999948,0.053417629
Max Klare,TE,14,0.0,,,,,,,,,,
Josh Oliver,TE,16,0.0,,,,,,,,,,
Braxton Berrios,WR,19,0.0,,,,,,,,,,
Drew Sample,TE,4,1.866551,,,,,,,0.832023025,1.050501311,7.024625686,0.056700049
John Metchie III,WR,29,0.0,,,,,,,,,,
Olamide Zaccheaus,WR,1,3.19229267,,,,,,,1.237440536,1.966095831,14.3108983,0.083865594
Tai Felton,WR,16,1.42966344,,,,,,,0.56938117,0.905146073,6.572342365,0.035073218
Chris Brazzell II,WR,29,0.0,,,,,,,,,,
Greg Dortch,WR,2,0.53762651,,,,0.497366298,2.511367468,0.03064354,,,,
Jonathan Mingo,WR,6,0.96590612,,,,,,,0.341592129,0.651403838,4.689497108,0.02670323
Brevyn Spann-Ford,TE,6,1.66354121,,,,,,,0.686414071,0.977105757,6.596414575,0.053562075
Jaylin Lane,WR,28,0.0,,,,,,,,,,
CJ Donaldson,RB,18,2.25412558,,,,1.440836667,6.214831467,0.033235585,0.722221273,1.010059494,5.288754892,0.032024269
Cade Klubnik,QB,20,0.0,,,,,,,,,,
Jarrett Stidham,QB,7,0.0,,,,,,,,,,
Brenen Thompson,WR,24,0.0,,,,,,,,,,
Xavier Smith,WR,0,0.0,,,,,,,,,,
Sam Roush,TE,3,1.5566101,,,,,,,0.651906204,0.904045097,6.441882712,0.044208534
Tyrod Taylor,QB,9,0.0,,,,,,,,,,
Adam Trautman,TE,7,2.13835477,,,,,,,0.865439949,1.303495081,8.579698663,0.068794932
Oscar Delp,TE,18,0.0,,,,,,,,,,
Matthew Hibner,TE,33,3.25783748,,,,,,,1.407834137,1.942407784,13.14522102,0.09092477
Jackson Hawes,TE,2,0.48308092,,,,,,,0.20499104,0.314472374,1.918994869,0.014477671
Cooper Rush,QB,1,0.0,,,,,,,,,,
Joshua Dobbs,QB,8,0.0,,,,,,,,,,
Tanner McKee,QB,21,0.0,,,,,,,,,,
Patrick Ricard,RB,19,0.84100565,,,,,,,0.416948486,0.607191315,3.256540959,0.016662248
Stetson Bennett IV,QB,14,0.0,,,,,,,,,,
Charlie Kolar,TE,24,3.24834164,,,,,,,1.366477951,2.028923265,14.06711817,0.081107424
Will Howard,QB,23,0.0,,,,,,,,,,
LaJohntay Wester,WR,33,0.88573328,,,,,,,0.339280468,0.554973653,3.632193363,0.016412293
Nikko Remigio,WR,12,0.0,,,,,,,,,,
Devin Duvernay,WR,22,0.0879228,,,,,,,,,,
Luke Musgrave,TE,9,0.0,,,,,,,,,,
Jacob Cowing,WR,25,2.32820304,,,,0.245778712,1.286337621,0.009284284,0.745564479,1.270355957,10.29870755,0.051770071
Reggie Gilliam,RB,17,0.0,,,,,,,,,,
Kenny Pickett,QB,29,0.0,,,,,,,,,,
Will Kacmarek,TE,15,1.74180121,,,,,,,0.759924367,1.124815963,8.092929017,0.02991922
Luke Farrell,TE,25,2.05121097,,,,,,,0.892282111,1.270355957,8.355597951,0.055165228
CJ Daniels,WR,14,0.0,,,,,,,,,,
Calvin Austin III,WR,19,0.0,,,,,,,,,,
Pierre Strong Jr.,RB,9,1.35581432,,,,0.633397917,2.871757826,0.012706679,0.532676565,0.726524508,3.656568539,0.016877183
Mo Alie-Cox,TE,11,0.5164357,,,,,,,0.204165292,0.307143706,2.310215493,0.013792985
Joe Milton III,QB,0,0.0,,,,,,,,,,
Spencer Rattler,QB,18,0.0,,,,,,,,,,
Nate Adkins,TE,7,1.66243507,,,,,,,0.687592306,0.97762131,6.131286587,0.060151099
Cade Stover,TE,34,0.49465085,,,,,,,0.231063368,0.311912476,2.003149827,0.010920526
Jalen Brooks,WR,22,0.04441049,,,,,,,,,,
Travis Homer,RB,23,0.0,,,,,,,,,,
Ben Sinnott,TE,28,0.50103358,,,,,,,0.2139983,0.276411778,1.870330775,0.016882722
Ben Skowronek,WR,23,2.64292077,,,,,,,1.077912836,1.71379441,10.46106491,0.087762304
Jeremy Ruckert,TE,20,3.0752678,,,,,,,1.387810922,1.807028469,11.76759901,0.085459939
Riley Nowakowski,RB,23,0.0,,,,,,,,,,
Mason Rudolph,QB,23,0.0,,,,,,,,,,
Quinn Ewers,QB,30,0.0,,,,,,,,,,
Alex Bachman,WR,14,0.13683148,,,,,,,,,,
Andy Dalton,QB,0,0.0,,,,,,,,,,
Marlin Klein,TE,34,0.0,,,,,,,,,,
Tay Martin,WR,8,0.0,,,,,,,,,,
Tom Kennedy,WR,8,0.10357522,,,,,,,,,,
Tyler Conklin,TE,8,0.0,,,,,,,,,,
Gardner Minshew II,QB,22,0.0,,,,,,,,,,
Blake Whiteheart,TE,5,1.58050601,,,,,,,0.657295229,0.950618791,6.276991672,0.049865547
Alec Ingold,RB,24,1.2644502,,,,,,,0.629839817,0.869538542,5.075368369,0.022317553
Foster Moreau,TE,34,2.89002308,,,,,,,1.208628248,1.559562378,10.69228022,0.103266423
Frank Gore Jr.,RB,2,0.0,,,,,,,,,,
Elijah Moore,WR,21,1.73070506,,,,,,,0.773387284,1.199201226,8.497277089,0.020128277
Kameron Johnson,WR,27,0.8237053,,,,,,,0.332873498,0.562056879,3.825560663,0.014662547
Jawhar Jordan,RB,0,0.0,,,,,,,,,,
Jimmy Horn Jr.,WR,0,0.0,,,,,,,,,,
Eric Saubert,TE,26,1.52168899,,,,,,,0.628201818,0.905064817,5.825045835,0.052601934
Tyrell Shavers,WR,2,0.0,,,,,,,,,,
Max Bredeson,RB,16,0.0,,,,,,,,,,
Michael Burton,RB,5,0.47361107,,,,,,,0.246320624,0.31687293,1.657112748,0.010471863
Nate Boerkircher,TE,30,2.77125174,,,,,,,1.045351319,1.508333384,11.23372874,0.101230697
Mitchell Trubisky,QB,10,0.0,,,,,,,,,,
Trey Lance,QB,24,0.0,,,,,,,,,,
Connor Heyward,RB,13,0.940933,,,,0.753309135,3.159184944,0.022730547,0.250953009,0.336645462,1.785487676,0.010146699
Montorie Foster Jr.,WR,26,0.0,,,,,,,,,,
Josh Williams,RB,27,0.0,,,,,,,,,,
Malachi Corley,WR,5,0.02543832,,,,,,,,,,
Devin Neal,RB,0,0.0,,,,,,,,,,
Davis Mills,QB,34,0.0,,,,,,,,,,
KeAndre Lambert-Smith,WR,24,0.0,,,,,,,,,,
Julius Chestnut,RB,10,0.0,,,,,,,,,,
JuJu Smith-Schuster,WR,0,0.0,,,,,,,,,,
John Bates,TE,28,1.00471226,,,,,,,0.412656883,0.552823555,3.700328721,0.037676881
Durham Smythe,TE,33,0.0,,,,,,,,,,
Mitchell Evans,TE,29,0.0,,,,,,,,,,
Charlie Jones,WR,19,1.22756625,,,,,,,0.358372058,0.607191315,4.527343242,0.027035162
Ke'Shawn Williams,WR,0,0.0,,,,,,,,,,
Gavin Bartholomew,TE,16,1.018896,,,,,,,0.446113694,0.603430715,3.993720606,0.029333266
Nick Westbrook-Ikhine,WR,11,0.0,,,,,,,,,,
Brady Russell,RB,26,0.90370475,,,,,,,0.457416459,0.603376545,3.409471621,0.018060076
Riley Leonard,QB,11,0.0,,,,,,,,,,
Phil Mafah,RB,0,0.0,,,,,,,,,,
Josh Cuevas,TE,33,0.88578769,,,,,,,0.392613387,0.554973653,3.62746803,0.022255146
Adam Prentice,RB,7,0.46294055,,,,,,,0.240704619,0.32587377,1.778182403,0.007571211
Andrew Beck,RB,20,0.0,,,,,,,,,,
Josh Whyle,TE,9,0.0,,,,,,,,,,
Chris Manhertz,TE,19,0.0,,,,,,,,,,
Kyle McCord,QB,15,0.0,,,,,,,,,,
Derius Davis,WR,24,2.8699391,,,,,,,1.058266205,1.739077084,13.12025549,0.065215549
Marquez Valdes-Scantling,WR,24,5.36092243,,,,,,,1.49553861,3.188307988,28.41162122,0.173223408
David Moore,WR,29,0.0,,,,,,,,,,
J. Michael Sturdivant,WR,9,2.06831171,,,,,,,0.841350568,1.453049017,9.479497044,0.04879886
Teddy Bridgewater,QB,8,0.0,,,,,,,,,,
Ian Thomas,TE,13,1.12944182,,,,,,,0.48242898,0.673290925,4.500593888,0.033192438
Dareke Young,WR,13,2.7446722,,,,,,,1.047953487,1.683227311,12.84877057,0.066399376
Jared Wayne,WR,34,1.48397061,,,,,,,0.551643289,0.935737427,7.252670066,0.03589832
Colson Yankoff,TE,28,0.49198172,,,,,,,0.20497013,0.276411778,1.871619807,0.016837971
British Brooks,RB,34,0.0,,,,,,,,,,
Sterling Shepard,WR,20,5.36892166,,,,,,,1.97203537,3.011714116,22.81040258,0.187908495
Davis Allen,TE,14,2.32865922,,,,,,,0.923022089,1.399465421,9.138645462,0.083005294
Justin Joly,TE,15,0.0,,,,,,,,,,
Reggie Virgil,WR,22,0.0,,,,,,,,,,
Ryan Miller,WR,15,2.12547088,,,,,,,0.829724347,1.406019953,10.99752108,0.034815871
Daniel Bellinger,TE,10,2.31807433,,,,,,,1.092089645,1.412154943,10.51004747,0.030797451
Chris Blair,WR,1,0.44742899,,,,,,,0.167862602,0.280870833,2.180421754,0.010592962
Deion Burks,WR,11,2.98774067,,,,0.2576699,1.454375285,0.011301516,1.135355618,1.842862234,14.10642303,0.041752544
Lewis Bond,WR,34,0.0,,,,,,,,,,
Cedric Tillman,WR,0,0.0,,,,,,,,,,
Zavier Scott,RB,0,0.0,,,,,,,,,,
Brady Cook,QB,15,0.0,,,,,,,,,,
Jerome Ford,RB,0,0.0,,,,,,,,,,
Cameron Latu,TE,17,0.0,,,,,,,,,,
Carsen Ryan,TE,5,0.0,,,,,,,,,,
Justin Watson,WR,0,0.0,,,,,,,,,,
Grant Calcaterra,TE,21,0.0,,,,,,,,,,
Seydou Traore,TE,15,0.0,,,,,,,,,,
Van Jefferson,WR,0,0.0,,,,,,,,,,
Tylan Wallace,WR,5,0.0,,,,,,,,,,
Payne Durham,TE,27,0.44429236,,,,,,,0.186052356,0.281028439,1.862867151,0.012219915
Drew Ogletree,TE,11,0.48545569,,,,,,,0.198713273,0.307143706,2.145939911,0.012253089
Tanner Koziol,TE,30,0.0,,,,,,,,,,
Ko Kieft,TE,27,0.0,,,,,,,,,,
Britain Covey,WR,21,0.08157885,,,,,,,,,,
Nick Mullens,QB,30,0.0,,,,,,,,,,
Mason Tipton,WR,18,0.0,,,,,,,,,,
Gunner Olszewski,WR,19,0.0,,,,,,,,,,
Jeshaun Jones,WR,0,0.0,,,,,,,,,,
Charlie Woerner,TE,1,0.8875821,,,,,,,0.379195862,0.561741666,3.614381941,0.024814877
Aidan O'Connell,QB,13,0.0,,,,,,,,,,
Hunter Long,TE,22,0.0,,,,,,,,,,
Joe Royer,TE,5,0.0,,,,,,,,,,
Tanner Hudson,TE,4,2.49354425,,,,,,,1.135921844,1.400668414,9.044991655,0.077182128
Jackson Meeks,TE,8,0.0,,,,,,,,,,
Velus Jones Jr.,RB,26,0.0,,,,,,,,,,
Josh Johnson,QB,4,0.0,,,,,,,,,,
Arian Smith,WR,20,0.0,,,,,,,,,,
Mark Redman,TE,9,1.08001507,,,,,,,0.498192452,0.726524508,4.080457213,0.029757373
Desmond Ridder,QB,0,0.0,,,,,,,,,,
Jake Browning,QB,0,0.0,,,,,,,,,,
Anthony Gould,WR,11,0.10436394,,,,,,,,,,
Jelani Woods,TE,20,0.0,,,,,,,,,,
Jack Endries,TE,4,0.0,,,,,,,,,,
Mason Kinsey,WR,0,0.0,,,,,,,,,,
Chris Collier,RB,13,0.0,,,,,,,,,,
Lucas Krull,TE,0,0.0,,,,,,,,,,
Michael Bandy,WR,0,0.0,,,,,,,,,,
Brevin Jordan,TE,34,0.52558939,,,,,,,0.23052643,0.311912476,2.185355278,0.013101139
Jack Stoll,TE,0,0.0,,,,,,,,,,
Terrace Marshall Jr.,WR,0,0.0,,,,,,,,,,
Jalen Reagor,WR,0,0.0,,,,,,,,,,
Kevin Austin Jr.,WR,18,0.0,,,,,,,,,,
KhaDarel Hodge,WR,0,0.0,,,,,,,,,,
Quintin Morris,TE,30,0.0,,,,,,,,,,
Hayden Rucci,TE,24,0.0,,,,,,,,,,
Tip Reiman,TE,22,0.0,,,,,,,,,,
Ben Sims,TE,0,0.0,,,,,,,,,,
Trey Palmer,WR,0,0.0,,,,,,,,,,
Malik McClain,WR,20,1.53381014,,,,,,,0.560816443,0.903514235,7.633188016,0.035925515
Theo Wease Jr.,WR,0,0.0,,,,,,,,,,
Ja'Lynn Polk,WR,18,0.0,,,,,,,,,,
CJ Dippre,TE,0,0.0,,,,,,,,,,
E.J. Jenkins,TE,21,0.0,,,,,,,,,,
Gage Larvadain,WR,0,0.0,,,,,,,,,,
Julian Hill,TE,17,0.0,,,,,,,,,,
Anthony Tyus III,RB,0,0.0,,,,,,,,,,
Xavier Weaver,WR,22,0.0,,,,,,,,,,
Cole Turner,TE,15,0.0,,,,,,,,,,
Ihmir Smith-Marsette,WR,0,0.0,,,,,,,,,,
Jake Briningstool,TE,12,0.0,,,,,,,,,,
Dylan Drummond,WR,0,0.0,,,,,,,,,,
Deven Thompkins,WR,0,0.0,,,,,,,,,,
Andre Baccellia,WR,0,0.0,,,,,,,,,,
A.T. Perry,WR,0,0.0,,,,,,,,,,
Jamaal Pritchett,WR,20,0.0,,,,,,,,,,
Tahj Washington,WR,0,0.0,,,,,,,,,,
Devin Culp,TE,0,0.0,,,,,,,,,,
Austin Trammell,WR,0,0.0,,,,,,,,,,
