0,1,2,3,4,5,6,7,8,9,10,11,12,pos
,,,,Passing,Passing,Passing,Passing,Passing,Rushing,Rushing,Rushing,Fantasy,QB
Chg,Player  Sort First: Last:,Team,Opp,Comp,Att,Yard,TD,INT,Att,Yard,TD,FPts,QB
,Josh Allen,BUF,NE,22.0,32.0,253.0,1.7,0.3,8.0,41.0,1.0,29.6,QB
,Brock Purdy,SF,DEN,23.0,34.0,256.0,1.7,0.3,6.0,25.0,0.2,23.3,QB
,Lamar Jackson,BAL,TEN,19.0,29.0,227.0,1.5,0.3,8.0,40.0,0.3,23.2,QB
,Tyler Shough,NO,ATL,24.0,37.0,264.0,1.8,0.7,5.0,18.0,0.1,22.8,QB
,Jared Goff,DET,@CAR,24.0,35.0,273.0,2.1,0.4,2.0,5.0,0.0,22.6,QB
,Patrick Mahomes,KC,@LV,23.0,36.0,253.0,1.8,0.5,4.0,17.0,0.1,22.2,QB
,Dak Prescott,DAL,@HOU,23.0,34.0,257.0,1.7,0.5,4.0,14.0,0.1,21.7,QB
,Joe Burrow,CIN,JAC,24.0,35.0,266.0,1.7,0.4,4.0,11.0,0.0,21.2,QB
,Trevor Lawrence,JAC,@CIN,21.0,32.0,240.0,1.7,0.0,3.0,15.0,0.1,20.9,QB
,Jalen Hurts,PHI,LAR,18.0,28.0,202.0,1.4,0.6,6.0,24.0,0.4,20.5,QB
,Matthew Stafford,LAR,@PHI,22.0,33.0,259.0,1.8,0.0,2.0,3.0,0.0,20.5,QB
,Jordan Love,GB,@TB,22.0,33.0,259.0,1.7,0.3,1.0,4.0,0.0,20.2,QB
,Bryce Young,CAR,DET,25.0,39.0,248.0,1.6,0.6,2.0,7.0,0.1,20.1,QB
,Bo Nix,DEN,@SF,21.0,34.0,245.0,1.5,0.8,3.0,11.0,0.1,20.0,QB
,Kyler Murray,MIN,MIA,20.0,31.0,216.0,1.4,0.7,4.0,20.0,0.2,19.6,QB
,C.J. Stroud,HOU,DAL,22.0,34.0,244.0,1.4,0.3,4.0,17.0,0.0,19.5,QB
,Jacoby Brissett,ARI,@NYG,23.0,35.0,247.0,1.4,0.5,3.0,12.0,0.0,19.2,QB
,Sam Darnold,SEA,LAC,21.0,32.0,246.0,1.5,0.0,3.0,8.0,0.0,19.1,QB
,Drake Maye,NE,@BUF,18.0,29.0,218.0,1.3,0.8,5.0,24.0,0.1,19.1,QB
,Deshaun Watson,CLE,PIT,18.0,29.0,206.0,1.3,0.8,7.0,28.0,0.1,18.9,QB
,Justin Herbert,LAC,@SEA,21.0,31.0,230.0,1.2,0.7,3.0,18.0,0.1,18.7,QB
,Tyson Bagent,CHI,NYJ,22.0,37.0,239.0,1.4,0.5,2.0,8.0,0.0,18.4,QB
,Malik Willis,MIA,@MIN,14.0,25.0,177.0,1.0,0.5,6.0,36.0,0.3,18.3,QB
,Geno Smith,NYJ,@CHI,23.0,35.0,236.0,1.3,0.7,4.0,11.0,0.0,18.1,QB
,Kirk Cousins,LV,KC,20.0,33.0,229.0,1.6,0.8,2.0,2.0,0.0,18.1,QB
,Jameis Winston,NYG,ARI,18.0,30.0,221.0,1.3,0.6,3.0,12.0,0.0,17.5,QB
,Aaron Rodgers,PIT,@CLE,22.0,33.0,222.0,1.4,0.2,1.0,4.0,0.0,17.1,QB
,Michael Penix Jr.,ATL,@NO,19.0,29.0,224.0,1.3,0.4,1.0,3.0,0.0,16.7,QB
,Daniel Jones,IND,@WAS,19.0,29.0,218.0,1.2,0.8,2.0,8.0,0.0,16.5,QB
,Marcus Mariota,WAS,IND,16.0,25.0,202.0,1.2,0.8,2.0,12.0,0.0,16.1,QB
,Jalon Daniels,TB,GB,17.0,27.0,189.0,1.0,0.8,4.0,18.0,0.1,15.9,QB
,Cam Ward,TEN,@BAL,17.0,28.0,179.0,1.0,0.4,2.0,7.0,0.0,13.7,QB
,,,,Rushing,Rushing,Rushing,Receiving,Receiving,Receiving,Fantasy,,,RB
Chg,Player  Sort First: Last:,Team,Opp,Att,Yard,TD,Rec,Yard,TD,FPts,,,RB
,Jahmyr Gibbs,DET,@CAR,20.0,94.0,1.0,4.0,35.0,0.1,23.5,,,RB
,Bijan Robinson,ATL,@NO,17.0,81.0,0.6,4.0,37.0,0.3,21.2,,,RB
,Kenneth Walker,KC,@LV,20.0,97.0,0.9,3.0,25.0,0.1,21.2,,,RB
,Jonathan Taylor,IND,@WAS,19.0,91.0,0.9,3.0,20.0,0.1,20.1,,,RB
,Christian McCaffrey,SF,DEN,16.0,66.0,0.7,4.0,37.0,0.2,19.7,,,RB
,Bucky Irving,TB,GB,20.0,85.0,0.5,4.0,29.0,0.1,19.0,,,RB
,Derrick Henry,BAL,TEN,20.0,94.0,1.1,1.0,12.0,0.0,18.2,,,RB
,Ashton Jeanty,LV,KC,16.0,68.0,0.5,4.0,29.0,0.2,17.9,,,RB
,Kyren Williams,LAR,@PHI,16.0,73.0,0.5,4.0,28.0,0.1,17.7,,,RB
,Jaylen Warren,PIT,@CLE,18.0,75.0,0.4,4.0,29.0,0.1,17.4,,,RB
,Aaron Jones,MIN,MIA,17.0,73.0,0.5,4.0,29.0,0.0,17.2,,,RB
,James Cook,BUF,NE,19.0,98.0,0.7,1.0,10.0,0.0,16.0,,,RB
,Chuba Hubbard,CAR,DET,18.0,71.0,0.5,3.0,23.0,0.1,16.0,,,RB
,D'Andre Swift,CHI,NYJ,17.0,76.0,0.5,3.0,23.0,0.0,15.9,,,RB
,Chase Brown,CIN,JAC,17.0,76.0,0.4,3.0,19.0,0.1,15.5,,,RB
,Javonte Williams,DAL,@HOU,16.0,65.0,0.4,3.0,19.0,0.1,14.4,,,RB
,Jeremiyah Love,ARI,@NYG,17.0,66.0,0.4,3.0,17.0,0.1,14.3,,,RB
,Saquon Barkley,PHI,LAR,17.0,76.0,0.5,2.0,14.0,0.0,14.0,,,RB
,Cam Skattebo,NYG,ARI,18.0,70.0,0.5,2.0,19.0,0.0,13.9,,,RB
,Rhamondre Stevenson,NE,@BUF,13.0,54.0,0.3,3.0,23.0,0.1,13.1,,,RB
,Braelon Allen,NYJ,@CHI,17.0,68.0,0.4,2.0,14.0,0.0,12.6,,,RB
,Bhayshul Tuten,JAC,@CIN,16.0,67.0,0.4,2.0,15.0,0.0,12.6,,,RB
,Omarion Hampton,LAC,@SEA,14.0,63.0,0.4,2.0,14.0,0.0,12.1,,,RB
,David Montgomery,HOU,DAL,14.0,59.0,0.4,2.0,17.0,0.0,12.0,,,RB
,Quinshon Judkins,CLE,PIT,18.0,64.0,0.3,2.0,15.0,0.0,11.7,,,RB
,Tony Pollard,TEN,@BAL,13.0,55.0,0.3,2.0,13.0,0.0,10.6,,,RB
,RJ Harvey,DEN,@SF,5.0,21.0,0.1,4.0,28.0,0.1,10.1,,,RB
,Jacory Croskey-Merritt,WAS,IND,14.0,63.0,0.3,1.0,9.0,0.0,10.0,,,RB
,TreVeyon Henderson,NE,@BUF,12.0,58.0,0.4,1.0,8.0,0.0,10.0,,,RB
,Emanuel Wilson,SEA,LAC,15.0,64.0,0.3,1.0,8.0,0.0,10.0,,,RB
,George Holani,SEA,LAC,7.0,27.0,0.2,3.0,23.0,0.0,9.2,,,RB
,Jaylen Wright,MIA,@MIN,10.0,44.0,0.2,2.0,13.0,0.0,8.9,,,RB
,Alvin Kamara,NO,ATL,10.0,38.0,0.2,2.0,14.0,0.0,8.4,,,RB
,Ollie Gordon II,MIA,@MIN,12.0,39.0,0.2,2.0,11.0,0.0,8.2,,,RB
,Woody Marks,HOU,DAL,8.0,33.0,0.2,2.0,14.0,0.0,7.9,,,RB
,MarShawn Lloyd,GB,@TB,11.0,43.0,0.2,1.0,9.0,0.0,7.4,,,RB
,Kyle Monangai,CHI,NYJ,9.0,39.0,0.3,1.0,7.0,0.0,7.4,,,RB
,J.K. Dobbins,DEN,@SF,12.0,52.0,0.3,0.0,0.0,0.0,7.0,,,RB
,Keaton Mitchell,LAC,@SEA,6.0,30.0,0.1,2.0,12.0,0.0,6.8,,,RB
,Raheim Sanders,CLE,PIT,5.0,17.0,0.0,3.0,17.0,0.0,6.4,,,RB
,Kendre Miller,NO,ATL,9.0,33.0,0.2,1.0,7.0,0.0,6.2,,,RB
,Tyler Allgeier,ARI,@NYG,7.0,28.0,0.2,1.0,8.0,0.0,5.8,,,RB
,Isaiah Davis,NYJ,@CHI,5.0,19.0,0.1,2.0,13.0,0.0,5.8,,,RB
,Chris Brooks,GB,@TB,4.0,14.0,0.1,2.0,12.0,0.0,5.2,,,RB
,Blake Corum,LAR,@PHI,9.0,40.0,0.2,0.0,0.0,0.0,5.2,,,RB
,Kenneth Gainwell,TB,GB,6.0,27.0,0.1,1.0,8.0,0.0,5.1,,,RB
,Emmett Johnson,KC,@LV,6.0,24.0,0.1,1.0,10.0,0.0,5.0,,,RB
,Tyjae Spears,TEN,@BAL,5.0,23.0,0.1,1.0,9.0,0.0,4.8,,,RB
,Samaje Perine,CIN,JAC,3.0,13.0,0.0,2.0,13.0,0.0,4.6,,,RB
,Will Shipley,PHI,LAR,2.0,9.0,0.0,2.0,11.0,0.0,4.0,,,RB
,,,,Rushing,Rushing,Rushing,Receiving,Receiving,Receiving,Fantasy,,,RB
Chg,Player  Sort First: Last:,Team,Opp,Att,Yard,TD,Rec,Yard,TD,FPts,,,RB
,Justice Hill,BAL,TEN,4.0,18.0,0.0,1.0,11.0,0.0,3.9,,,RB
,Kaleb Johnson,GB,@TB,7.0,28.0,0.1,0.0,0.0,0.0,3.4,,,RB
,Kaelon Black,SF,DEN,6.0,25.0,0.1,0.0,0.0,0.0,3.1,,,RB
,DeeJay Dallas,MIN,MIA,0.0,0.0,0.0,2.0,11.0,0.0,3.1,,,RB
,Travis Homer,PIT,@CLE,4.0,14.0,0.0,1.0,7.0,0.0,3.1,,,RB
,Brian Robinson Jr.,ATL,@NO,6.0,24.0,0.1,0.0,0.0,0.0,3.0,,,RB
,Chris Rodriguez Jr.,JAC,@CIN,6.0,24.0,0.1,0.0,0.0,0.0,3.0,,,RB
,Mike Washington Jr.,LV,KC,6.0,23.0,0.1,0.0,0.0,0.0,2.9,,,RB
,Sione Vaki,DET,@CAR,2.0,11.0,0.0,1.0,6.0,0.0,2.7,,,RB
,Najee Harris,NYG,ARI,5.0,19.0,0.1,0.0,0.0,0.0,2.5,,,RB
,AJ Dillon,CAR,DET,5.0,18.0,0.1,0.0,0.0,0.0,2.4,,,RB
,Kyle Juszczyk,SF,DEN,2.0,6.0,0.0,1.0,5.0,0.0,2.1,,,RB
,Ty Johnson,BUF,NE,0.0,0.0,0.0,1.0,8.0,0.0,1.8,,,RB
,Kaytron Allen,WAS,IND,4.0,16.0,0.0,0.0,0.0,0.0,1.6,,,RB
,Tank Bigsby,PHI,LAR,3.0,11.0,0.0,0.0,0.0,0.0,1.1,,,RB
,Ray Davis,BUF,NE,2.0,10.0,0.0,0.0,0.0,0.0,1.0,,,RB
,Demond Claiborne,MIN,MIA,2.0,9.0,0.0,0.0,0.0,0.0,0.9,,,RB
,Seth McGowan,IND,@WAS,2.0,9.0,0.0,0.0,0.0,0.0,0.9,,,RB
,Roschon Johnson,CHI,NYJ,2.0,8.0,0.0,0.0,0.0,0.0,0.8,,,RB
,Bam Knight,ARI,@NYG,2.0,7.0,0.0,0.0,0.0,0.0,0.7,,,RB
,,,,Rushing,Rushing,Rushing,Receiving,Receiving,Receiving,Fantasy,,,WR
Chg,Player  Sort First: Last:,Team,Opp,Att,Yard,TD,Rec,Yard,TD,FPts,,,WR
,Jaxon Smith-Njigba,SEA,LAC,0.0,0.0,0.0,7.0,106.0,1.1,24.2,,,WR
,Amon-Ra St. Brown,DET,@CAR,0.0,0.0,0.0,8.0,94.0,0.8,22.2,,,WR
,Ja'Marr Chase,CIN,JAC,0.0,0.0,0.0,8.0,88.0,0.7,21.0,,,WR
,CeeDee Lamb,DAL,@HOU,0.0,0.0,0.0,7.0,94.0,0.7,20.6,,,WR
,Christian Watson,GB,@TB,0.0,0.0,0.0,6.0,88.0,0.7,19.0,,,WR
,Chris Olave,NO,ATL,0.0,0.0,0.0,7.0,88.0,0.5,18.8,,,WR
,Puka Nacua,LAR,@PHI,0.0,0.0,0.0,6.0,87.0,0.6,18.3,,,WR
,Garrett Wilson,NYJ,@CHI,0.0,0.0,0.0,7.0,82.0,0.5,18.2,,,WR
,Parker Washington,JAC,@CIN,0.0,0.0,0.0,6.0,78.0,0.5,16.8,,,WR
,Tetairoa McMillan,CAR,DET,0.0,0.0,0.0,5.0,77.0,0.6,16.3,,,WR
,Zay Flowers,BAL,TEN,0.0,0.0,0.0,5.0,74.0,0.6,16.0,,,WR
,Josh Downs,IND,@WAS,0.0,0.0,0.0,6.0,74.0,0.4,15.8,,,WR
,Drake London,ATL,@NO,0.0,0.0,0.0,6.0,73.0,0.4,15.7,,,WR
,George Pickens,DAL,@HOU,0.0,0.0,0.0,5.0,74.0,0.5,15.4,,,WR
,Nico Collins,HOU,DAL,0.0,0.0,0.0,5.0,72.0,0.5,15.2,,,WR
,Jaylen Waddle,DEN,@SF,0.0,0.0,0.0,5.0,72.0,0.5,15.2,,,WR
,Mike Evans,SF,DEN,0.0,0.0,0.0,5.0,65.0,0.6,15.1,,,WR
,Davante Adams,LAR,@PHI,0.0,0.0,0.0,5.0,66.0,0.5,14.6,,,WR
,Rashee Rice,KC,@LV,0.0,0.0,0.0,5.0,63.0,0.5,14.3,,,WR
,Matthew Golden,GB,@TB,0.0,0.0,0.0,5.0,68.0,0.4,14.2,,,WR
,Michael Wilson,ARI,@NYG,0.0,0.0,0.0,5.0,68.0,0.4,14.2,,,WR
,Jordan Addison,MIN,MIA,0.0,0.0,0.0,5.0,67.0,0.4,14.1,,,WR
,Malik Nabers,NYG,ARI,0.0,0.0,0.0,5.0,64.0,0.4,13.8,,,WR
,Stefon Diggs,WAS,IND,0.0,0.0,0.0,5.0,63.0,0.4,13.7,,,WR
,Tee Higgins,CIN,JAC,0.0,0.0,0.0,4.0,67.0,0.5,13.7,,,WR
,D.J. Moore,BUF,NE,0.0,0.0,0.0,5.0,67.0,0.3,13.5,,,WR
,Ladd McConkey,LAC,@SEA,0.0,0.0,0.0,5.0,62.0,0.3,13.0,,,WR
,Jameson Williams,DET,@CAR,0.0,0.0,0.0,4.0,63.0,0.4,12.7,,,WR
,Devaughn Vele,NO,ATL,0.0,0.0,0.0,5.0,55.0,0.3,12.3,,,WR
,Malik Washington,MIA,@MIN,1.0,4.0,0.0,5.0,51.0,0.3,12.3,,,WR
,Luther Burden III,CHI,NYJ,1.0,6.0,0.0,4.0,56.0,0.3,12.0,,,WR
,DK Metcalf,PIT,@CLE,0.0,0.0,0.0,4.0,55.0,0.4,11.9,,,WR
,Deebo Samuel,SF,DEN,3.0,12.0,0.0,4.0,47.0,0.3,11.7,,,WR
,Khalil Shakir,BUF,NE,0.0,0.0,0.0,5.0,48.0,0.3,11.6,,,WR
,Courtland Sutton,DEN,@SF,0.0,0.0,0.0,4.0,52.0,0.4,11.6,,,WR
,Denzel Boston,CLE,PIT,0.0,0.0,0.0,4.0,55.0,0.3,11.3,,,WR
,Dontayvion Wicks,PHI,LAR,0.0,0.0,0.0,4.0,54.0,0.3,11.2,,,WR
,Romeo Doubs,NE,@BUF,0.0,0.0,0.0,4.0,53.0,0.3,11.1,,,WR
,Emeka Egbuka,TB,GB,0.0,0.0,0.0,4.0,53.0,0.3,11.1,,,WR
,Jakobi Meyers,JAC,@CIN,0.0,0.0,0.0,4.0,49.0,0.3,10.7,,,WR
,Carnell Tate,TEN,@BAL,0.0,0.0,0.0,4.0,49.0,0.3,10.7,,,WR
,KC Concepcion,CLE,PIT,2.0,9.0,0.0,4.0,44.0,0.2,10.5,,,WR
,Tre Tucker,LV,KC,0.0,0.0,0.0,4.0,46.0,0.3,10.4,,,WR
,Kalif Raymond,CHI,NYJ,0.0,0.0,0.0,4.0,45.0,0.3,10.3,,,WR
,Makai Lemon,PHI,LAR,0.0,0.0,0.0,4.0,43.0,0.3,10.1,,,WR
,Wan'Dale Robinson,TEN,@BAL,0.0,0.0,0.0,4.0,45.0,0.2,9.7,,,WR
,Chris Bell,MIA,@MIN,0.0,0.0,0.0,4.0,44.0,0.2,9.6,,,WR
,Quentin Johnston,LAC,@SEA,0.0,0.0,0.0,3.0,48.0,0.3,9.6,,,WR
,Rome Odunze,CHI,NYJ,0.0,0.0,0.0,3.0,44.0,0.3,9.2,,,WR
,Brian Thomas Jr.,JAC,@CIN,0.0,0.0,0.0,3.0,43.0,0.3,9.1,,,WR
,,,,Rushing,Rushing,Rushing,Receiving,Receiving,Receiving,Fantasy,,,WR
Chg,Player  Sort First: Last:,Team,Opp,Att,Yard,TD,Rec,Yard,TD,FPts,,,WR
,Roman Wilson,PIT,@CLE,0.0,0.0,0.0,4.0,37.0,0.2,8.9,,,WR
,Jauan Jennings,MIN,MIA,0.0,0.0,0.0,3.0,38.0,0.3,8.6,,,WR
,Chris Godwin,TB,GB,0.0,0.0,0.0,3.0,36.0,0.3,8.4,,,WR
,Tre Harris,LAC,@SEA,0.0,0.0,0.0,3.0,41.0,0.2,8.3,,,WR
,Demario Douglas,NE,@BUF,0.0,0.0,0.0,3.0,40.0,0.2,8.2,,,WR
,Mack Hollins,NE,@BUF,0.0,0.0,0.0,3.0,38.0,0.2,8.0,,,WR
,Isaiah Williams,NYJ,@CHI,0.0,0.0,0.0,3.0,38.0,0.2,8.0,,,WR
,Xavier Worthy,KC,@LV,0.0,0.0,0.0,3.0,38.0,0.2,8.0,,,WR
,Kayshon Boutte,HOU,DAL,0.0,0.0,0.0,3.0,37.0,0.2,7.9,,,WR
,Antonio Williams,WAS,IND,0.0,0.0,0.0,3.0,36.0,0.2,7.8,,,WR
,Xavier Hutchinson,HOU,DAL,0.0,0.0,0.0,3.0,34.0,0.2,7.6,,,WR
,Brycen Tremayne,CAR,DET,0.0,0.0,0.0,3.0,34.0,0.2,7.6,,,WR
,Michael Pittman Jr.,PIT,@CLE,0.0,0.0,0.0,3.0,33.0,0.2,7.5,,,WR
,Pat Bryant,DEN,@SF,0.0,0.0,0.0,3.0,37.0,0.1,7.3,,,WR
,Ryan Flournoy,DAL,@HOU,0.0,0.0,0.0,3.0,36.0,0.1,7.2,,,WR
,Cooper Kupp,SEA,LAC,0.0,0.0,0.0,3.0,33.0,0.1,6.9,,,WR
,Rashod Bateman,BAL,TEN,0.0,0.0,0.0,2.0,30.0,0.3,6.8,,,WR
,Kendrick Bourne,ARI,@NYG,0.0,0.0,0.0,3.0,32.0,0.1,6.8,,,WR
,Tyquan Thornton,KC,@LV,0.0,0.0,0.0,2.0,36.0,0.2,6.8,,,WR
,Treylon Burks,WAS,IND,0.0,0.0,0.0,3.0,31.0,0.1,6.7,,,WR
,Marvin Harrison Jr.,ARI,@NYG,0.0,0.0,0.0,2.0,35.0,0.2,6.7,,,WR
,Malachi Fields,NYG,ARI,0.0,0.0,0.0,3.0,30.0,0.1,6.6,,,WR
,Laquon Treadwell,IND,@WAS,0.0,0.0,0.0,2.0,33.0,0.2,6.5,,,WR
,Skyy Moore,GB,@TB,0.0,0.0,0.0,3.0,26.0,0.1,6.2,,,WR
,Ted Hurst,TB,GB,0.0,0.0,0.0,2.0,27.0,0.2,5.9,,,WR
,Keon Coleman,BUF,NE,0.0,0.0,0.0,2.0,26.0,0.2,5.8,,,WR
,Jalen Nailor,LV,KC,0.0,0.0,0.0,2.0,32.0,0.1,5.8,,,WR
,Darius Cooper,PHI,LAR,0.0,0.0,0.0,2.0,26.0,0.1,5.2,,,WR
,Konata Mumpfield,LAR,@PHI,0.0,0.0,0.0,2.0,26.0,0.1,5.2,,,WR
,Rashid Shaheed,SEA,LAC,0.0,0.0,0.0,2.0,26.0,0.1,5.2,,,WR
,Chris Moore,BAL,TEN,0.0,0.0,0.0,2.0,24.0,0.1,5.0,,,WR
,Jahan Dotson,ATL,@NO,0.0,0.0,0.0,2.0,22.0,0.1,4.8,,,WR
,Bryce Lance,NO,ATL,0.0,0.0,0.0,2.0,18.0,0.1,4.4,,,WR
,Tai Felton,MIN,MIA,0.0,0.0,0.0,2.0,17.0,0.1,4.3,,,WR
,Calvin Ridley,TEN,@BAL,0.0,0.0,0.0,1.0,20.0,0.2,4.2,,,WR
,Dohnte Meyers,CIN,JAC,0.0,0.0,0.0,2.0,19.0,0.0,3.9,,,WR
,Josh Palmer,BUF,NE,0.0,0.0,0.0,1.0,19.0,0.1,3.5,,,WR
,Jerry Jeudy,CLE,PIT,0.0,0.0,0.0,1.0,18.0,0.1,3.4,,,WR
,Isaac TeSlaa,DET,@CAR,0.0,0.0,0.0,1.0,18.0,0.1,3.4,,,WR
,Devontez Walker,BAL,TEN,0.0,0.0,0.0,1.0,18.0,0.1,3.4,,,WR
,Zachariah Branch,ATL,@NO,0.0,0.0,0.0,1.0,16.0,0.1,3.2,,,WR
,Jaylin Noel,HOU,DAL,0.0,0.0,0.0,1.0,16.0,0.1,3.2,,,WR
,Germie Bernard,PIT,@CLE,0.0,0.0,0.0,1.0,14.0,0.1,3.0,,,WR
,Darnell Mooney,NYG,ARI,0.0,0.0,0.0,1.0,19.0,0.0,2.9,,,WR
,LaJohntay Wester,BAL,TEN,0.0,0.0,0.0,1.0,12.0,0.1,2.8,,,WR
,Olamide Zaccheaus,ATL,@NO,0.0,0.0,0.0,1.0,12.0,0.1,2.8,,,WR
,Troy Franklin,DEN,@SF,0.0,0.0,0.0,1.0,15.0,0.0,2.5,,,WR
,Malik Benson,LV,KC,0.0,0.0,0.0,1.0,9.0,0.0,1.9,,,WR
,,,,Rushing,Rushing,Rushing,Receiving,Receiving,Receiving,Fantasy,,,TE
Chg,Player  Sort First: Last:,Team,Opp,Att,Yard,TD,Rec,Yard,TD,FPts,,,TE
,Brock Bowers,LV,KC,0.0,0.0,0.0,7.0,77.0,0.6,18.3,,,TE
,Trey McBride,ARI,@NYG,0.0,0.0,0.0,7.0,70.0,0.5,17.0,,,TE
,Travis Kelce,KC,@LV,0.0,0.0,0.0,5.0,62.0,0.6,14.8,,,TE
,George Kittle,SF,DEN,0.0,0.0,0.0,5.0,60.0,0.6,14.6,,,TE
,Tyler Warren,IND,@WAS,0.0,0.0,0.0,6.0,57.0,0.4,14.1,,,TE
,Dalton Kincaid,BUF,NE,0.0,0.0,0.0,5.0,61.0,0.4,13.5,,,TE
,Harold Fannin Jr.,CLE,PIT,0.0,0.0,0.0,5.0,53.0,0.4,12.7,,,TE
,Sam LaPorta,DET,@CAR,0.0,0.0,0.0,5.0,53.0,0.4,12.7,,,TE
,Juwan Johnson,NO,ATL,0.0,0.0,0.0,5.0,51.0,0.4,12.5,,,TE
,Tucker Kraft,GB,@TB,0.0,0.0,0.0,4.0,56.0,0.4,12.0,,,TE
,Dalton Schultz,HOU,DAL,0.0,0.0,0.0,5.0,48.0,0.3,11.6,,,TE
,Isaiah Likely,NYG,ARI,0.0,0.0,0.0,4.0,50.0,0.4,11.4,,,TE
,Kenyon Sadiq,NYJ,@CHI,0.0,0.0,0.0,4.0,49.0,0.4,11.3,,,TE
,Darren Waller,CAR,DET,0.0,0.0,0.0,5.0,44.0,0.3,11.2,,,TE
,Tyler Higbee,LAR,@PHI,0.0,0.0,0.0,4.0,48.0,0.3,10.6,,,TE
,Kyle Pitts,ATL,@NO,0.0,0.0,0.0,4.0,42.0,0.3,10.0,,,TE
,Colston Loveland,CHI,NYJ,0.0,0.0,0.0,4.0,41.0,0.3,9.9,,,TE
,Mark Andrews,BAL,TEN,0.0,0.0,0.0,4.0,42.0,0.2,9.4,,,TE
,Pat Freiermuth,PIT,@CLE,0.0,0.0,0.0,4.0,40.0,0.2,9.2,,,TE
,Hunter Henry,NE,@BUF,0.0,0.0,0.0,4.0,40.0,0.2,9.2,,,TE
,Jake Ferguson,DAL,@HOU,0.0,0.0,0.0,4.0,31.0,0.3,8.9,,,TE
,T.J. Hockenson,MIN,MIA,0.0,0.0,0.0,4.0,36.0,0.2,8.8,,,TE
,Oronde Gadsden,LAC,@SEA,0.0,0.0,0.0,3.0,39.0,0.3,8.7,,,TE
,Greg Dulcich,MIA,@MIN,0.0,0.0,0.0,3.0,36.0,0.2,7.8,,,TE
,AJ Barner,SEA,LAC,0.0,0.0,0.0,3.0,30.0,0.2,7.2,,,TE
,Brenton Strange,JAC,@CIN,0.0,0.0,0.0,3.0,28.0,0.2,7.0,,,TE
,Mike Gesicki,CIN,JAC,0.0,0.0,0.0,3.0,27.0,0.2,6.9,,,TE
,Chigoziem Okonkwo,WAS,IND,0.0,0.0,0.0,3.0,32.0,0.1,6.8,,,TE
,Cade Otton,TB,GB,0.0,0.0,0.0,3.0,32.0,0.1,6.8,,,TE
,Evan Engram,DEN,@SF,0.0,0.0,0.0,3.0,25.0,0.2,6.7,,,TE
,Michael Mayer,LV,KC,0.0,0.0,0.0,3.0,28.0,0.1,6.4,,,TE
,Gunnar Helm,TEN,@BAL,0.0,0.0,0.0,2.0,25.0,0.2,5.7,,,TE
,Noah Fant,NO,ATL,0.0,0.0,0.0,2.0,23.0,0.1,4.9,,,TE
,Tommy Tremble,CAR,DET,0.0,0.0,0.0,2.0,22.0,0.1,4.8,,,TE
,Johnny Mundt,PHI,LAR,0.0,0.0,0.0,2.0,18.0,0.1,4.4,,,TE
,Dawson Knox,BUF,NE,0.0,0.0,0.0,1.0,14.0,0.1,3.0,,,TE
,Noah Gray,KC,@LV,0.0,0.0,0.0,1.0,12.0,0.0,2.2,,,TE
,Cole Kmet,CHI,NYJ,0.0,0.0,0.0,1.0,11.0,0.0,2.1,,,TE
,Theo Johnson,NYG,ARI,0.0,0.0,0.0,1.0,10.0,0.0,2.0,,,TE
,Elijah Arroyo,SEA,LAC,0.0,0.0,0.0,1.0,8.0,0.0,1.8,,,TE
,Darnell Washington,PIT,@CLE,0.0,0.0,0.0,1.0,5.0,0.0,1.5,,,TE
