k,pos,YAHOO
josh allen,QB,26.23
jared goff,QB,26.13
dak prescott,QB,24.83
drake maye,QB,24.44
joe burrow,QB,23.78
matthew stafford,QB,23.68
jacoby brissett,QB,23.55
jayden daniels,QB,22.72
trevor lawrence,QB,21.63
kyler murray,QB,21.49
jordan love,QB,21.45
tyler shough,QB,21.4
bo nix,QB,21.23
aaron rodgers,QB,21.17
cj stroud,QB,20.93
brock purdy,QB,20.68
jalon daniels,QB,20.51
tyson bagent,QB,20.23
sam darnold,QB,20.0
deshaun watson,QB,19.3
justin herbert,QB,18.97
jalen hurts,QB,18.96
malik willis,QB,18.52
daniel jones,QB,18.48
michael penix,QB,18.1
kirk cousins,QB,17.51
tyler huntley,QB,17.46
geno smith,QB,17.18
cam ward,QB,16.32
jameis winston,QB,16.28
lamar jackson,QB,10.43
jahmyr gibbs,RB,31.25
bijan robinson,RB,27.89
christian mccaffrey,RB,22.54
jonathan taylor,RB,22.37
chase brown,RB,21.61
kyren williams,RB,21.14
javonte williams,RB,20.59
derrick henry,RB,20.04
ashton jeanty,RB,19.61
james cook,RB,19.0
aaron jones,RB,18.82
jaylen warren,RB,17.9
jeremiyah love,RB,17.85
bucky irving,RB,17.84
cam skattebo,RB,17.44
quinshon judkins,RB,17.26
braelon allen,RB,16.76
dandre swift,RB,16.74
bhayshul tuten,RB,15.93
david montgomery,RB,15.87
emanuel wilson,RB,15.84
rhamondre stevenson,RB,14.84
omarion hampton,RB,14.11
rj harvey,RB,13.69
tony pollard,RB,13.55
treveyon henderson,RB,13.4
kyle monangai,RB,13.22
ollie gordon,RB,13.22
jacory croskeymerritt,RB,12.48
will shipley,RB,11.92
rico dowdle,RB,11.53
jk dobbins,RB,11.47
alvin kamara,RB,11.14
marshawn lloyd,RB,10.76
woody marks,RB,10.46
tyler allgeier,RB,10.21
kenny gainwell,RB,10.0
keaton mitchell,RB,9.6
blake corum,RB,9.59
rachaad white,RB,8.98
brian robinson,RB,7.96
george holani,RB,7.61
kendre miller,RB,7.59
kaleb johnson,RB,7.52
tyjae spears,RB,7.29
chris rodriguez,RB,7.25
najee harris,RB,7.09
breece hall,RB,7.08
saquon barkley,RB,6.89
jaylen wright,RB,6.82
mike washington,RB,6.71
samaje perine,RB,5.82
chris brooks,RB,5.71
justice hill,RB,5.28
raheim sanders,RB,5.11
tyler goodson,RB,4.97
ty johnson,RB,4.96
isaiah davis,RB,4.9
kimani vidal,RB,4.89
kaelon black,RB,4.73
sione vaki,RB,4.59
amonra st brown,WR,23.48
jaxon smithnjigba,WR,22.88
puka nacua,WR,21.22
jamarr chase,WR,20.63
ceedee lamb,WR,19.29
nico collins,WR,18.7
drake london,WR,17.27
justin jefferson,WR,17.21
michael wilson,WR,16.87
chris olave,WR,16.54
zay flowers,WR,16.44
christian watson,WR,15.92
garrett wilson,WR,15.45
davante adams,WR,15.43
tee higgins,WR,15.21
george pickens,WR,14.77
parker washington,WR,13.87
dk metcalf,WR,13.81
jaylen waddle,WR,13.76
matthew golden,WR,13.74
malik nabers,WR,13.53
jameson williams,WR,13.39
mike evans,WR,13.17
luther burden,WR,12.95
josh downs,WR,12.16
carnell tate,WR,12.09
romeo doubs,WR,11.78
emeka egbuka,WR,11.61
kc concepcion,WR,11.54
denzel boston,WR,11.52
terry mclaurin,WR,11.48
malik washington,WR,11.46
deebo samuel,WR,11.13
stefon diggs,WR,11.08
khalil shakir,WR,10.8
courtland sutton,WR,10.71
dj moore,WR,10.39
darius cooper,WR,10.34
rome odunze,WR,10.28
chris godwin,WR,10.13
ladd mcconkey,WR,10.04
devaughn vele,WR,9.99
jordan addison,WR,9.91
quentin johnston,WR,9.9
wandale robinson,WR,9.65
marvin harrison,WR,9.62
dontayvion wicks,WR,9.6
keenan allen,WR,9.39
jakobi meyers,WR,9.23
tre harris,WR,8.68
ryan flournoy,WR,8.65
tre tucker,WR,8.45
makai lemon,WR,8.3
michael pittman,WR,8.3
mack hollins,WR,8.09
keon coleman,WR,8.09
kayshon boutte,WR,8.08
brian thomas,WR,7.9
rashid shaheed,WR,7.75
devonta smith,WR,7.69
dohnte meyers,WR,7.65
chris bell,WR,7.61
isaac teslaa,WR,7.25
kalif raymond,WR,7.12
jaylin noel,WR,7.03
kendrick bourne,WR,6.92
malachi fields,WR,6.53
roman wilson,WR,6.48
mitch tinsley,WR,6.32
ted hurst,WR,6.1
cooper kupp,WR,6.0
demario douglas,WR,5.92
isaiah williams,WR,5.78
joshua palmer,WR,5.74
antonio williams,WR,5.72
rashod bateman,WR,5.71
jalen nailor,WR,5.61
xavier hutchinson,WR,5.55
cody white,WR,5.46
troy franklin,WR,5.39
kevin coleman,WR,4.96
jauan jennings,WR,4.83
darnell mooney,WR,4.77
skyy moore,WR,4.76
jahan dotson,WR,4.68
elic ayomanor,WR,4.63
colbie young,WR,4.61
kyle williams,WR,4.41
adonai mitchell,WR,4.3
jerry jeudy,WR,4.28
efton chism,WR,4.22
trey mcbride,TE,19.72
brock bowers,TE,15.29
sam laporta,TE,14.26
george kittle,TE,13.12
tucker kraft,TE,12.37
tyler warren,TE,12.28
isaiah likely,TE,11.51
harold fannin,TE,11.34
dalton kincaid,TE,10.92
colston loveland,TE,10.84
juwan johnson,TE,10.37
hunter henry,TE,9.76
brenton strange,TE,9.19
tj hockenson,TE,9.16
mark andrews,TE,9.09
jake ferguson,TE,9.03
dalton schultz,TE,8.79
kenyon sadiq,TE,8.71
aj barner,TE,8.44
cade otton,TE,8.15
mike gesicki,TE,8.07
kyle pitts,TE,8.06
pat freiermuth,TE,8.03
michael mayer,TE,7.2
chig okonkwo,TE,6.91
greg dulcich,TE,6.89
oronde gadsden,TE,6.61
darnell washington,TE,6.06
evan engram,TE,5.92
tyler higbee,TE,5.83
zach ertz,TE,5.62
gunnar helm,TE,5.42
colby parkinson,TE,5.39
mason taylor,TE,4.28
