k,W,pos,YAHOO,ENGINE
aaron rodgers,2,QB,17.9,16.16
matthew stafford,2,QB,20.8,24.1
kirk cousins,2,QB,15.5,14.11
keenan allen,2,WR,8.1,11.2
travis kelce,2,TE,10.2,11.48
geno smith,2,QB,16.8,14.58
davante adams,2,WR,14.8,15.32
mike evans,2,WR,13.1,12.49
stefon diggs,2,WR,13.2,13.7
derrick henry,2,RB,21.7,25.93
dak prescott,2,QB,24.3,24.21
hunter henry,2,TE,10.3,9.56
jared goff,2,QB,20.5,22.51
jacoby brissett,2,QB,17.1,18.49
christian mccaffrey,2,RB,25.1,28.65
george kittle,2,TE,10.4,14.27
deshaun watson,2,QB,16.8,17.21
mack hollins,2,WR,7.8,8.64
patrick mahomes,2,QB,22.1,26.55
evan engram,2,TE,6.5,7.95
cooper kupp,2,WR,6.5,7.16
chris godwin,2,WR,10.1,9.35
courtland sutton,2,WR,11.5,11.87
dallas goedert,2,TE,10.4,12.44
dalton schultz,2,TE,11.5,10.88
mark andrews,2,TE,11.4,9.43
lamar jackson,2,QB,23.9,24.5
dj moore,2,WR,14.3,12.44
saquon barkley,2,RB,19.3,18.44
baker mayfield,2,QB,20.6,20.01
josh allen,2,QB,29.1,32.32
jakobi meyers,2,WR,8.3,8.26
justice hill,2,RB,6.4,7.5
tj hockenson,2,TE,7.9,8.29
tony pollard,2,RB,12.2,12.4
dk metcalf,2,WR,13.7,11.71
terry mclaurin,2,WR,14.3,9.96
david montgomery,2,RB,19.1,17.52
daniel jones,2,QB,18.4,18.6
deebo samuel,2,WR,11.0,14.76
juwan johnson,2,TE,9.4,10.17
rico dowdle,2,RB,13.5,12.46
jk dobbins,2,RB,15.5,12.91
jonathan taylor,2,RB,21.0,24.18
jordan love,2,QB,22.0,21.22
dandre swift,2,RB,15.6,22.11
justin jefferson,2,WR,16.7,14.89
justin herbert,2,QB,21.9,22.47
ceedee lamb,2,WR,17.9,16.94
jalen hurts,2,QB,24.2,25.08
jerry jeudy,2,WR,7.2,5.84
tee higgins,2,WR,13.5,12.98
joe burrow,2,QB,21.7,20.23
chuba hubbard,2,RB,16.2,14.52
jaylen waddle,2,WR,14.1,9.99
rhamondre stevenson,2,RB,16.0,16.81
pat freiermuth,2,TE,8.8,7.89
jamarr chase,2,WR,19.0,15.34
devonta smith,2,WR,14.2,12.03
kenny gainwell,2,RB,10.7,12.48
trevor lawrence,2,QB,20.0,25.04
travis etienne,2,RB,14.5,17.08
javonte williams,2,RB,20.8,22.54
jaylen warren,2,RB,14.9,15.3
drake london,2,WR,14.4,13.97
chris olave,2,WR,15.4,16.05
jameson williams,2,WR,12.3,13.07
george pickens,2,WR,15.9,15.98
rachaad white,2,RB,10.1,9.91
khalil shakir,2,WR,10.9,12.74
tyler allgeier,2,RB,9.8,10.85
jalen nailor,2,WR,8.3,6.16
rashid shaheed,2,WR,7.7,6.94
alec pierce,2,WR,11.6,11.42
garrett wilson,2,WR,14.4,14.08
trey mcbride,2,TE,15.4,16.61
brian robinson,2,RB,7.8,5.39
romeo doubs,2,WR,10.6,8.11
brock purdy,2,QB,23.1,28.03
isaiah likely,2,TE,10.7,8.28
kyren williams,2,RB,18.8,20.97
wandale robinson,2,WR,9.0,11.51
breece hall,2,RB,18.6,17.87
christian watson,2,WR,13.7,14.17
malik willis,2,QB,21.3,15.04
cade otton,2,TE,6.8,9.1
kenneth walker,2,RB,21.6,20.91
dontayvion wicks,2,WR,8.4,7.19
keaton mitchell,2,RB,7.5,5.81
bijan robinson,2,RB,27.5,25.34
quentin johnston,2,WR,10.4,12.37
michael wilson,2,WR,10.4,10.95
tre tucker,2,WR,9.0,7.73
chase brown,2,RB,18.7,19.99
parker washington,2,WR,12.4,11.51
chris rodriguez,2,RB,8.1,8.54
xavier hutchinson,2,WR,8.8,15.86
demario douglas,2,WR,8.5,8.19
chris brooks,2,RB,8.0,4.01
dalton kincaid,2,TE,12.2,11.88
brenton strange,2,TE,7.7,9.15
tucker kraft,2,TE,11.0,13.43
josh downs,2,WR,10.8,7.59
tyjae spears,2,RB,8.4,7.96
devon achane,2,RB,21.1,19.05
sam laporta,2,TE,10.8,12.37
michael mayer,2,TE,8.9,6.67
jahmyr gibbs,2,RB,27.9,27.94
bryce young,2,QB,20.4,21.66
cj stroud,2,QB,22.5,20.12
george holani,2,RB,8.8,3.82
malik nabers,2,WR,14.6,13.72
jonathon brooks,2,RB,11.3,7.23
bucky irving,2,RB,17.4,20.0
ryan flournoy,2,WR,8.2,7.72
devaughn vele,2,WR,9.4,8.48
jalen coker,2,WR,11.4,11.77
bo nix,2,QB,21.4,20.34
blake corum,2,RB,12.9,9.58
roman wilson,2,WR,7.0,5.33
braelon allen,2,RB,7.6,5.71
marshawn lloyd,2,RB,15.0,14.64
marvin harrison,2,WR,10.0,7.93
drake maye,2,QB,23.4,23.36
malik washington,2,WR,9.0,7.64
adonai mitchell,2,WR,8.3,6.27
brian thomas,2,WR,8.5,8.88
xavier worthy,2,WR,9.7,9.99
jayden daniels,2,QB,25.4,21.87
ladd mcconkey,2,WR,11.7,13.26
caleb williams,2,QB,22.8,27.88
rome odunze,2,WR,9.6,10.46
ashton jeanty,2,RB,19.6,19.77
tetairoa mcmillan,2,WR,13.5,12.27
tyler warren,2,TE,11.1,10.13
emeka egbuka,2,WR,12.0,12.41
pat bryant,2,WR,8.0,8.01
kyle monangai,2,RB,11.0,12.17
woody marks,2,RB,11.2,11.04
harold fannin,2,TE,10.3,9.01
omarion hampton,2,RB,18.5,18.46
matthew golden,2,WR,10.8,9.51
cam ward,2,QB,15.4,13.15
jaxson dart,2,QB,22.3,22.33
cam skattebo,2,RB,16.9,18.24
bhayshul tuten,2,RB,12.2,10.15
tre harris,2,WR,7.3,5.52
luther burden,2,WR,11.7,9.3
tyler shough,2,QB,19.7,18.21
quinshon judkins,2,RB,16.6,14.05
makai lemon,2,WR,7.2,5.58
emmett johnson,2,RB,6.2,9.64
jeremiyah love,2,RB,14.8,11.11
kenyon sadiq,2,TE,6.2,4.56
denzel boston,2,WR,9.0,8.26
antonio williams,2,WR,7.2,10.61
malachi fields,2,WR,6.2,7.38
kaelon black,2,RB,8.1,10.82
carnell tate,2,WR,8.9,8.23
jadarian price,2,RB,16.1,14.92
caleb douglas,2,WR,9.2,9.53
kc concepcion,2,WR,9.7,9.94
aaron rodgers,3,QB,18.4,14.52
matthew stafford,3,QB,18.9,22.72
kirk cousins,3,QB,17.0,16.87
keenan allen,3,WR,9.0,11.04
travis kelce,3,TE,11.6,13.93
geno smith,3,QB,18.7,15.45
davante adams,3,WR,15.5,15.81
mike evans,3,WR,13.4,14.52
jameis winston,3,QB,17.6,11.39
stefon diggs,3,WR,9.6,11.67
marcus mariota,3,QB,16.0,16.29
kalif raymond,3,WR,6.5,7.37
derrick henry,3,RB,22.8,26.34
dak prescott,3,QB,24.1,25.95
hunter henry,3,TE,11.1,9.13
jared goff,3,QB,24.2,27.09
jacoby brissett,3,QB,19.6,17.62
christian mccaffrey,3,RB,24.8,27.29
george kittle,3,TE,11.8,13.78
kendrick bourne,3,WR,6.1,7.72
deshaun watson,3,QB,18.9,19.81
mack hollins,3,WR,7.8,7.68
patrick mahomes,3,QB,24.1,29.26
evan engram,3,TE,6.0,5.93
alvin kamara,3,RB,10.3,13.31
chris godwin,3,WR,9.8,6.87
courtland sutton,3,WR,10.8,10.52
dalton schultz,3,TE,11.6,12.52
mark andrews,3,TE,11.6,10.31
lamar jackson,3,QB,27.8,24.29
dj moore,3,WR,11.9,12.45
mike gesicki,3,TE,6.3,8.32
saquon barkley,3,RB,19.1,13.26
josh allen,3,QB,28.5,36.3
justice hill,3,RB,6.8,6.97
kyler murray,3,QB,22.0,14.01
tj hockenson,3,TE,8.0,8.41
tony pollard,3,RB,14.1,11.81
dk metcalf,3,WR,12.4,11.75
terry mclaurin,3,WR,10.5,9.81
david montgomery,3,RB,17.0,13.11
daniel jones,3,QB,18.2,17.35
deebo samuel,3,WR,11.8,16.98
juwan johnson,3,TE,10.1,11.29
jk dobbins,3,RB,12.2,15.04
jonathan taylor,3,RB,23.7,25.16
michael pittman,3,WR,10.0,9.08
jordan love,3,QB,20.8,20.87
dandre swift,3,RB,16.8,19.21
justin jefferson,3,WR,16.4,13.89
justin herbert,3,QB,20.6,19.0
ceedee lamb,3,WR,18.8,18.08
jalen hurts,3,QB,22.9,24.56
tee higgins,3,WR,14.9,15.42
joe burrow,3,QB,21.9,20.83
rashod bateman,3,WR,9.9,8.69
chuba hubbard,3,RB,20.0,15.08
jaylen waddle,3,WR,14.4,12.35
rhamondre stevenson,3,RB,13.0,12.77
pat freiermuth,3,TE,8.6,8.31
jamarr chase,3,WR,19.8,17.6
devonta smith,3,WR,15.3,14.26
kenny gainwell,3,RB,9.5,9.95
trevor lawrence,3,QB,22.4,23.75
javonte williams,3,RB,18.6,20.15
jaylen warren,3,RB,20.5,21.93
drake london,3,WR,14.9,12.43
chris olave,3,WR,17.8,18.79
jameson williams,3,WR,12.9,11.95
george pickens,3,WR,15.8,14.56
rachaad white,3,RB,9.6,10.57
khalil shakir,3,WR,9.7,11.48
tyler allgeier,3,RB,9.5,8.89
jalen nailor,3,WR,6.8,6.27
rashid shaheed,3,WR,8.8,8.18
garrett wilson,3,WR,17.3,12.82
trey mcbride,3,TE,16.0,17.64
brian robinson,3,RB,6.8,6.03
romeo doubs,3,WR,11.2,9.44
brock purdy,3,QB,24.6,29.29
isaiah likely,3,TE,10.0,9.65
kyren williams,3,RB,16.7,18.06
jake ferguson,3,TE,9.6,10.61
wandale robinson,3,WR,8.8,8.13
breece hall,3,RB,20.5,18.22
christian watson,3,WR,15.5,19.71
malik willis,3,QB,19.1,15.0
cade otton,3,TE,7.1,8.48
kenneth walker,3,RB,23.1,24.35
dontayvion wicks,3,WR,9.3,8.3
keaton mitchell,3,RB,7.7,5.22
bijan robinson,3,RB,24.8,22.93
quentin johnston,3,WR,10.3,12.32
michael wilson,3,WR,11.1,11.62
tre tucker,3,WR,9.1,10.45
chase brown,3,RB,20.4,20.03
parker washington,3,WR,15.0,14.0
kayshon boutte,3,WR,9.9,7.18
chris rodriguez,3,RB,6.4,7.96
xavier hutchinson,3,WR,8.7,8.7
demario douglas,3,WR,8.1,6.04
chris brooks,3,RB,7.1,4.46
emanuel wilson,3,RB,7.5,10.02
dalton kincaid,3,TE,11.9,13.44
jordan addison,3,WR,9.4,8.09
tucker kraft,3,TE,11.6,11.8
josh downs,3,WR,12.3,12.36
tyjae spears,3,RB,9.1,7.77
zay flowers,3,WR,12.7,16.31
sam laporta,3,TE,11.8,13.93
rashee rice,3,WR,14.0,15.63
jahmyr gibbs,3,RB,28.8,30.03
bryce young,3,QB,19.5,23.26
cj stroud,3,QB,20.3,18.82
george holani,3,RB,6.0,3.83
malik nabers,3,WR,13.1,11.46
bucky irving,3,RB,17.5,17.89
ryan flournoy,3,WR,8.8,7.66
devaughn vele,3,WR,10.4,10.52
isaiah williams,3,WR,7.8,4.53
jalen coker,3,WR,13.4,12.57
bo nix,3,QB,21.3,18.88
blake corum,3,RB,11.5,8.71
braelon allen,3,RB,7.3,6.17
marshawn lloyd,3,RB,10.7,12.55
drake maye,3,QB,22.8,19.94
malik washington,3,WR,10.1,11.79
brian thomas,3,WR,9.3,9.84
xavier worthy,3,WR,11.4,11.46
ladd mcconkey,3,WR,12.4,12.25
rome odunze,3,WR,8.8,8.38
ashton jeanty,3,RB,20.5,20.19
tetairoa mcmillan,3,WR,14.5,13.66
tyler warren,3,TE,11.8,10.71
emeka egbuka,3,WR,11.1,10.43
pat bryant,3,WR,7.4,5.07
jaylin noel,3,WR,7.1,4.38
kaleb johnson,3,RB,7.6,2.58
kyle monangai,3,RB,10.9,10.76
woody marks,3,RB,10.8,12.06
gunnar helm,3,TE,6.5,5.93
harold fannin,3,TE,10.7,9.34
omarion hampton,3,RB,18.6,17.73
matthew golden,3,WR,11.9,12.05
cam ward,3,QB,16.9,14.22
cam skattebo,3,RB,19.6,16.83
bhayshul tuten,3,RB,13.7,12.34
tre harris,3,WR,7.5,6.37
rj harvey,3,RB,13.1,18.46
treveyon henderson,3,RB,14.1,15.37
luther burden,3,WR,10.8,9.36
terrance ferguson,3,TE,9.7,6.78
tyler shough,3,QB,23.2,22.1
quinshon judkins,3,RB,17.4,14.15
makai lemon,3,WR,7.2,3.51
emmett johnson,3,RB,7.2,8.08
jeremiyah love,3,RB,16.4,14.15
kenyon sadiq,3,TE,9.1,6.87
denzel boston,3,WR,10.7,12.73
malachi fields,3,WR,7.1,8.92
kaelon black,3,RB,7.2,8.76
carnell tate,3,WR,9.2,9.07
jadarian price,3,RB,14.8,9.63
kc concepcion,3,WR,10.6,9.01
aaron rodgers,4,QB,17.3,16.89
matthew stafford,4,QB,20.1,24.1
kirk cousins,4,QB,18.7,19.24
travis kelce,4,TE,11.8,13.11
geno smith,4,QB,17.2,17.55
davante adams,4,WR,14.1,17.82
mike evans,4,WR,11.5,11.19
jameis winston,4,QB,18.1,9.95
stefon diggs,4,WR,13.2,12.89
darren waller,4,TE,10.2,9.63
marcus mariota,4,QB,13.8,22.53
kalif raymond,4,WR,8.5,10.01
derrick henry,4,RB,22.9,27.54
dak prescott,4,QB,22.1,24.49
hunter henry,4,TE,9.6,7.45
jared goff,4,QB,23.3,27.67
tyler higbee,4,TE,6.8,10.91
jacoby brissett,4,QB,20.6,21.04
christian mccaffrey,4,RB,24.3,25.89
george kittle,4,TE,12.2,14.45
deshaun watson,4,QB,19.1,20.68
mack hollins,4,WR,8.3,8.94
patrick mahomes,4,QB,24.0,27.32
alvin kamara,4,RB,13.0,10.92
cooper kupp,4,WR,6.0,6.99
chris godwin,4,WR,9.2,6.62
courtland sutton,4,WR,11.0,10.58
dalton schultz,4,TE,10.2,13.43
mark andrews,4,TE,10.2,9.92
lamar jackson,4,QB,25.6,24.18
dj moore,4,WR,13.4,14.76
mike gesicki,4,TE,7.5,9.36
saquon barkley,4,RB,13.8,12.27
josh allen,4,QB,27.7,35.32
sam darnold,4,QB,20.1,19.05
jakobi meyers,4,WR,9.9,9.6
justice hill,4,RB,6.7,5.99
kyler murray,4,QB,23.0,15.96
tj hockenson,4,TE,10.6,8.12
tony pollard,4,RB,13.5,13.22
dk metcalf,4,WR,11.0,11.42
david montgomery,4,RB,16.8,11.91
daniel jones,4,QB,21.7,18.04
deebo samuel,4,WR,10.6,13.22
juwan johnson,4,TE,11.5,13.4
jk dobbins,4,RB,11.4,11.51
jonathan taylor,4,RB,25.7,27.48
michael pittman,4,WR,9.2,8.55
jordan love,4,QB,21.5,20.04
dandre swift,4,RB,17.8,20.86
justin herbert,4,QB,18.4,16.36
ceedee lamb,4,WR,17.5,17.27
jalen hurts,4,QB,19.9,21.09
tee higgins,4,WR,16.1,15.64
joe burrow,4,QB,24.4,23.86
rashod bateman,4,WR,7.5,7.24
nico collins,4,WR,18.4,16.98
chuba hubbard,4,RB,20.5,16.17
jaylen waddle,4,WR,14.4,11.35
rhamondre stevenson,4,RB,13.5,10.32
najee harris,4,RB,6.8,5.4
pat freiermuth,4,TE,7.6,8.02
jamarr chase,4,WR,15.2,20.06
kenny gainwell,4,RB,9.1,8.49
trevor lawrence,4,QB,23.4,23.39
javonte williams,4,RB,18.1,19.67
jaylen warren,4,RB,22.7,15.96
drake london,4,WR,16.8,13.8
chris olave,4,WR,18.9,20.9
jameson williams,4,WR,12.2,11.85
george pickens,4,WR,15.1,14.68
khalil shakir,4,WR,9.1,10.38
tyler allgeier,4,RB,9.1,7.66
rashid shaheed,4,WR,7.6,7.11
garrett wilson,4,WR,17.7,14.75
trey mcbride,4,TE,16.8,20.56
brian robinson,4,RB,7.4,7.51
chig okonkwo,4,TE,8.8,6.08
romeo doubs,4,WR,9.3,7.77
brock purdy,4,QB,22.7,29.53
isaiah likely,4,TE,10.8,10.14
kyren williams,4,RB,17.2,19.43
jake ferguson,4,TE,8.9,9.69
wandale robinson,4,WR,10.2,10.39
christian watson,4,WR,15.7,16.83
malik willis,4,QB,16.9,14.32
cade otton,4,TE,7.4,7.98
kenneth walker,4,RB,22.7,26.17
dontayvion wicks,4,WR,12.1,13.98
tyson bagent,4,QB,21.2,3.73
keaton mitchell,4,RB,7.8,5.78
bijan robinson,4,RB,27.0,27.39
quentin johnston,4,WR,10.0,8.8
kendre miller,4,RB,7.5,6.52
michael wilson,4,WR,12.9,15.27
tre tucker,4,WR,8.9,9.32
chase brown,4,RB,21.3,20.36
parker washington,4,WR,16.1,13.73
kayshon boutte,4,WR,7.9,7.29
chris rodriguez,4,RB,7.1,7.87
xavier hutchinson,4,WR,7.0,9.14
demario douglas,4,WR,7.4,6.46
emanuel wilson,4,RB,12.5,14.28
dalton kincaid,4,TE,11.7,12.4
brenton strange,4,TE,9.1,8.2
jordan addison,4,WR,14.7,14.54
tucker kraft,4,TE,11.1,10.77
josh downs,4,WR,15.9,12.04
tyjae spears,4,RB,8.3,6.6
zay flowers,4,WR,16.8,16.21
sam laporta,4,TE,11.6,13.65
michael mayer,4,TE,6.0,7.37
puka nacua,4,WR,19.2,20.86
jahmyr gibbs,4,RB,29.9,35.7
bryce young,4,QB,23.3,23.7
cj stroud,4,QB,23.5,20.13
george holani,4,RB,10.2,9.07
malik nabers,4,WR,13.3,11.29
brock bowers,4,TE,17.0,15.54
bucky irving,4,RB,17.2,15.7
ryan flournoy,4,WR,8.6,8.65
devaughn vele,4,WR,10.9,11.17
isaiah williams,4,WR,6.0,4.22
bo nix,4,QB,21.9,20.24
blake corum,4,RB,10.4,9.16
aj barner,4,TE,8.4,8.92
braelon allen,4,RB,16.2,20.46
marshawn lloyd,4,RB,9.1,8.29
marvin harrison,4,WR,7.9,7.19
drake maye,4,QB,21.8,16.97
malik washington,4,WR,10.3,8.38
brian thomas,4,WR,8.1,8.01
xavier worthy,4,WR,10.0,9.27
ladd mcconkey,4,WR,8.3,9.25
michael penix,4,QB,18.0,17.04
rome odunze,4,WR,9.5,9.68
ashton jeanty,4,RB,19.2,21.47
tetairoa mcmillan,4,WR,18.1,12.96
colston loveland,4,TE,10.6,7.65
tyler warren,4,TE,14.7,13.4
emeka egbuka,4,WR,11.5,10.15
pat bryant,4,WR,7.4,5.82
kaleb johnson,4,RB,8.6,3.52
ollie gordon,4,RB,9.2,7.5
kyle monangai,4,RB,11.6,11.75
raheim sanders,4,RB,6.0,5.24
woody marks,4,RB,11.1,11.4
gunnar helm,4,TE,6.5,5.6
harold fannin,4,TE,11.9,10.43
omarion hampton,4,RB,15.0,14.49
matthew golden,4,WR,13.3,11.61
cam ward,4,QB,16.0,13.48
cam skattebo,4,RB,20.4,17.03
bhayshul tuten,4,RB,14.2,13.0
tre harris,4,WR,8.1,6.54
rj harvey,4,RB,12.4,11.65
treveyon henderson,4,RB,12.5,11.69
luther burden,4,WR,13.0,11.92
tyler shough,4,QB,22.8,25.53
quinshon judkins,4,RB,16.0,13.07
makai lemon,4,WR,10.2,7.06
mike washington,4,RB,6.3,5.0
emmett johnson,4,RB,6.5,6.54
jeremiyah love,4,RB,20.2,18.07
kenyon sadiq,4,TE,10.2,8.66
denzel boston,4,WR,10.6,9.64
antonio williams,4,WR,7.2,6.91
malachi fields,4,WR,6.2,5.78
ted hurst,4,WR,6.2,6.85
kaelon black,4,RB,6.5,5.74
jalon daniels,4,QB,17.6,13.47
carnell tate,4,WR,10.5,9.01
chris bell,4,WR,7.8,4.62
kc concepcion,4,WR,10.4,8.8
